order_id,order_date,city,category,product,unit_price,quantity,discount,payment_method,customer_type,rating
ORD-10001,2025-01-01,جدة,ملابس,قميص قطني,79,1,0,بطاقة,عائد,3
ORD-10002,2025-01-01,جدة,إلكترونيات,لوحة مفاتيح,129,1,0,الدفع عند الاستلام,عائد,
ORD-10003,2025-01-02,جدة,إلكترونيات,شاحن سريع,59,4,0.1,تحويل بنكي,جديد,5
ORD-10004,2025-01-02,الرياض,المنزل,مصباح مكتب,89,1,0,تحويل بنكي,عائد,
ORD-10005,2025-01-02,جدة,المنزل,طقم أواني,299,1,0.1,محفظة إلكترونية,جديد,5
ORD-10006,2025-01-02,مكة,ملابس,قميص قطني,79,2,0,الدفع عند الاستلام,جديد,4
ORD-10007,2025-01-02,الرياض,ملابس,جاكيت,199,1,0,بطاقة,عائد,5
ORD-10008,2025-01-03,الدمام,المنزل,مصباح مكتب,89,1,0.1,محفظة إلكترونية,عائد,4
ORD-10009,2025-01-03,المدينة,كتب,كتاب برمجة,120,1,0,بطاقة,عائد,
ORD-10010,2025-01-03,الرياض,إلكترونيات,شاحن سريع,59,1,0,بطاقة,جديد,5
ORD-10011,2025-01-03,الدمام,إلكترونيات,شاحن سريع,59,3,0.1,تحويل بنكي,جديد,4
ORD-10012,2025-01-03,مكة,ملابس,حذاء رياضي,249,1,0.1,بطاقة,عائد,5
ORD-10013,2025-01-03,جدة,إلكترونيات,لوحة مفاتيح,129,1,0.05,بطاقة,جديد,5
ORD-10014,2025-01-04,أبها,أغذية,عسل سدر,180,2,0,بطاقة,عائد,2
ORD-10015,2025-01-04,الدمام,المنزل,وسادة طبية,119,2,0,بطاقة,جديد,
ORD-10016,2025-01-04,الرياض,المنزل,طقم أواني,299,3,0,محفظة إلكترونية,عائد,4
ORD-10017,2025-01-05,الدمام,أغذية,قهوة مختصة,65,3,0.1,بطاقة,عائد,5
ORD-10018,2025-01-05,الدمام,أغذية,عسل سدر,180,2,0,بطاقة,عائد,4
ORD-10019,2025-01-05,الرياض,ملابس,حذاء رياضي,249,1,0.1,محفظة إلكترونية,جديد,2
ORD-10020,2025-01-05,المدينة,أغذية,تمر فاخر,95,3,0.1,بطاقة,عائد,5
ORD-10021,2025-01-05,الرياض,إلكترونيات,سماعة لاسلكية,149,3,0.05,تحويل بنكي,عائد,
ORD-10022,2025-01-06,مكة,المنزل,طقم أواني,299,3,0,بطاقة,جديد,4
ORD-10023,2025-01-06,جدة,المنزل,طقم أواني,299,3,0,الدفع عند الاستلام,جديد,3
ORD-10024,2025-01-06,الدمام,ملابس,حذاء رياضي,249,1,0,بطاقة,جديد,4
ORD-10025,2025-01-06,الدمام,ملابس,جاكيت,199,1,0,بطاقة,عائد,3
ORD-10026,2025-01-06,الرياض,المنزل,طقم أواني,299,1,0,الدفع عند الاستلام,عائد,5
ORD-10027,2025-01-07,الدمام,ملابس,قميص قطني,79,1,0,بطاقة,عائد,5
ORD-10028,2025-01-07,الرياض,أغذية,تمر فاخر,95,3,0,بطاقة,عائد,
ORD-10029,2025-01-07,الرياض,إلكترونيات,ساعة ذكية,399,2,0,بطاقة,عائد,2
ORD-10030,2025-01-07,الدمام,المنزل,وسادة طبية,119,2,0,محفظة إلكترونية,جديد,3
ORD-10031,2025-01-07,جدة,إلكترونيات,ساعة ذكية,399,1,0,بطاقة,جديد,5
ORD-10032,2025-01-08,الرياض,إلكترونيات,شاحن سريع,59,1,0,محفظة إلكترونية,عائد,5
ORD-10033,2025-01-08,الرياض,إلكترونيات,شاحن سريع,59,2,0.1,بطاقة,جديد,5
ORD-10034,2025-01-08,جدة,إلكترونيات,شاحن سريع,59,1,0,الدفع عند الاستلام,عائد,5
ORD-10035,2025-01-08,الرياض,أغذية,تمر فاخر,95,1,0,بطاقة,عائد,3
ORD-10036,2025-01-08,جدة,أغذية,تمر فاخر,95,3,0.05,تحويل بنكي,جديد,5
ORD-10037,2025-01-09,المدينة,إلكترونيات,شاحن سريع,59,1,0,تحويل بنكي,عائد,5
ORD-10038,2025-01-09,مكة,المنزل,مصباح مكتب,89,1,0,بطاقة,جديد,5
ORD-10039,2025-01-09,الرياض,أغذية,قهوة مختصة,65,2,0,محفظة إلكترونية,عائد,4
ORD-10040,2025-01-09,الرياض,أغذية,قهوة مختصة,65,4,0,الدفع عند الاستلام,جديد,2
ORD-10041,2025-01-09,مكة,إلكترونيات,سماعة لاسلكية,149,1,0,بطاقة,جديد,4
ORD-10042,2025-01-10,جدة,ملابس,جاكيت,199,2,0,بطاقة,جديد,4
ORD-10043,2025-01-10,الرياض,كتب,كتاب برمجة,120,2,0,الدفع عند الاستلام,جديد,3
ORD-10044,2025-01-10,الرياض,إلكترونيات,شاحن سريع,59,1,0.2,الدفع عند الاستلام,جديد,
ORD-10045,2025-01-10,جدة,أغذية,تمر فاخر,95,2,0.05,بطاقة,عائد,3
ORD-10046,2025-01-11,جدة,أغذية,عسل سدر,180,1,0,الدفع عند الاستلام,جديد,4
ORD-10047,2025-01-11,الدمام,إلكترونيات,لوحة مفاتيح,129,1,0,محفظة إلكترونية,جديد,2
ORD-10048,2025-01-11,الرياض,كتب,كتاب برمجة,120,2,0,بطاقة,عائد,3
ORD-10049,2025-01-12,المدينة,كتب,كتاب برمجة,120,3,0,الدفع عند الاستلام,عائد,
ORD-10050,2025-01-12,الدمام,إلكترونيات,لوحة مفاتيح,129,1,0.05,بطاقة,عائد,4
ORD-10051,2025-01-12,جدة,إلكترونيات,شاحن سريع,59,1,0,بطاقة,عائد,4
ORD-10052,2025-01-12,جدة,ملابس,جاكيت,199,4,0.1,بطاقة,عائد,4
ORD-10053,2025-01-12,مكة,أغذية,عسل سدر,180,2,0,بطاقة,عائد,
ORD-10054,2025-01-12,المدينة,إلكترونيات,سماعة لاسلكية,149,1,0,بطاقة,عائد,2
ORD-10055,2025-01-13,جدة,ملابس,حذاء رياضي,249,2,0,محفظة إلكترونية,جديد,4
ORD-10056,2025-01-13,الدمام,المنزل,مصباح مكتب,89,3,0,بطاقة,جديد,4
ORD-10057,2025-01-13,جدة,كتب,رواية,45,1,0,محفظة إلكترونية,عائد,5
ORD-10058,2025-01-13,الدمام,إلكترونيات,لوحة مفاتيح,129,2,0,محفظة إلكترونية,عائد,
ORD-10059,2025-01-13,الرياض,المنزل,مصباح مكتب,89,1,0,تحويل بنكي,عائد,
ORD-10060,2025-01-14,الرياض,ملابس,قميص قطني,79,1,0,بطاقة,عائد,4
ORD-10061,2025-01-14,الرياض,إلكترونيات,سماعة لاسلكية,149,2,0,محفظة إلكترونية,جديد,5
ORD-10062,2025-01-14,الرياض,كتب,كتاب برمجة,120,1,0.1,بطاقة,عائد,4
ORD-10063,2025-01-14,جدة,إلكترونيات,لوحة مفاتيح,129,1,0,محفظة إلكترونية,جديد,5
ORD-10064,2025-01-14,الرياض,إلكترونيات,لوحة مفاتيح,129,2,0,بطاقة,عائد,5
ORD-10065,2025-01-15,الرياض,أغذية,تمر فاخر,95,1,0,الدفع عند الاستلام,جديد,4
ORD-10066,2025-01-15,الرياض,ملابس,جاكيت,199,2,0.05,محفظة إلكترونية,عائد,
ORD-10067,2025-01-15,مكة,أغذية,قهوة مختصة,65,1,0.05,بطاقة,عائد,5
ORD-10068,2025-01-15,الرياض,ملابس,قميص قطني,79,4,0,محفظة إلكترونية,عائد,5
ORD-10069,2025-01-15,الرياض,المنزل,مصباح مكتب,89,1,0,بطاقة,عائد,4
ORD-10070,2025-01-16,الرياض,المنزل,طقم أواني,299,1,0,الدفع عند الاستلام,عائد,4
ORD-10071,2025-01-16,الرياض,أغذية,تمر فاخر,95,4,0.1,محفظة إلكترونية,عائد,4
ORD-10072,2025-01-17,الرياض,المنزل,وسادة طبية,119,4,0,بطاقة,جديد,
ORD-10073,2025-01-17,مكة,كتب,كتاب برمجة,120,1,0,محفظة إلكترونية,عائد,5
ORD-10074,2025-01-17,الرياض,أغذية,قهوة مختصة,65,1,0,الدفع عند الاستلام,عائد,2
ORD-10075,2025-01-17,جدة,أغذية,قهوة مختصة,65,3,0,بطاقة,جديد,4
ORD-10076,2025-01-18,الرياض,كتب,كتاب برمجة,120,2,0,بطاقة,جديد,5
ORD-10077,2025-01-18,الدمام,أغذية,تمر فاخر,95,2,0,الدفع عند الاستلام,عائد,
ORD-10078,2025-01-19,الرياض,أغذية,قهوة مختصة,65,1,0,بطاقة,عائد,3
ORD-10079,2025-01-19,جدة,إلكترونيات,ساعة ذكية,399,1,0.05,محفظة إلكترونية,جديد,5
ORD-10080,2025-01-19,الرياض,ملابس,قميص قطني,79,1,0,تحويل بنكي,جديد,5
ORD-10081,2025-01-19,جدة,أغذية,قهوة مختصة,65,1,0,بطاقة,عائد,5
ORD-10082,2025-01-20,الرياض,إلكترونيات,ساعة ذكية,399,1,0,بطاقة,عائد,3
ORD-10083,2025-01-20,جدة,إلكترونيات,سماعة لاسلكية,149,1,0,محفظة إلكترونية,عائد,5
ORD-10084,2025-01-20,مكة,إلكترونيات,ساعة ذكية,399,1,0.05,محفظة إلكترونية,عائد,5
ORD-10085,2025-01-20,المدينة,إلكترونيات,ساعة ذكية,399,1,0,بطاقة,جديد,4
ORD-10086,2025-01-20,الرياض,إلكترونيات,ساعة ذكية,399,2,0,محفظة إلكترونية,عائد,5
ORD-10087,2025-01-21,أبها,إلكترونيات,ساعة ذكية,399,4,0,بطاقة,عائد,4
ORD-10088,2025-01-21,الرياض,إلكترونيات,ساعة ذكية,399,1,0.1,محفظة إلكترونية,عائد,
ORD-10089,2025-01-21,الدمام,المنزل,طقم أواني,299,2,0,محفظة إلكترونية,عائد,4
ORD-10090,2025-01-21,الدمام,أغذية,قهوة مختصة,65,4,0,الدفع عند الاستلام,عائد,4
ORD-10091,2025-01-22,الرياض,أغذية,عسل سدر,180,1,0.05,الدفع عند الاستلام,عائد,5
ORD-10092,2025-01-22,المدينة,أغذية,تمر فاخر,95,2,0.05,الدفع عند الاستلام,جديد,2
ORD-10093,2025-01-22,أبها,إلكترونيات,شاحن سريع,59,2,0.05,الدفع عند الاستلام,جديد,5
ORD-10094,2025-01-23,جدة,إلكترونيات,ساعة ذكية,399,1,0,محفظة إلكترونية,عائد,2
ORD-10095,2025-01-23,الرياض,إلكترونيات,ساعة ذكية,399,1,0,محفظة إلكترونية,جديد,5
ORD-10096,2025-01-23,جدة,ملابس,جاكيت,199,2,0,الدفع عند الاستلام,عائد,5
ORD-10097,2025-01-23,الدمام,ملابس,حذاء رياضي,249,1,0,محفظة إلكترونية,جديد,5
ORD-10098,2025-01-23,الرياض,ملابس,قميص قطني,79,1,0,بطاقة,عائد,1
ORD-10099,2025-01-24,جدة,إلكترونيات,شاحن سريع,59,1,0,محفظة إلكترونية,عائد,4
ORD-10100,2025-01-24,الدمام,المنزل,طقم أواني,299,1,0,بطاقة,جديد,5
ORD-10101,2025-01-24,الدمام,إلكترونيات,سماعة لاسلكية,149,1,0.1,الدفع عند الاستلام,عائد,5
ORD-10102,2025-01-25,الرياض,المنزل,مصباح مكتب,89,1,0.05,بطاقة,عائد,4
ORD-10103,2025-01-25,الرياض,المنزل,وسادة طبية,119,1,0,محفظة إلكترونية,عائد,5
ORD-10104,2025-01-26,أبها,إلكترونيات,سماعة لاسلكية,149,2,0,بطاقة,عائد,5
ORD-10105,2025-01-26,أبها,إلكترونيات,سماعة لاسلكية,149,1,0,بطاقة,عائد,4
ORD-10106,2025-01-26,المدينة,إلكترونيات,ساعة ذكية,399,2,0,تحويل بنكي,جديد,
ORD-10107,2025-01-26,الدمام,المنزل,مصباح مكتب,89,1,0.05,محفظة إلكترونية,جديد,5
ORD-10108,2025-01-27,الدمام,كتب,رواية,45,2,0,بطاقة,عائد,5
ORD-10109,2025-01-27,المدينة,ملابس,حذاء رياضي,249,1,0,محفظة إلكترونية,عائد,3
ORD-10110,2025-01-27,المدينة,إلكترونيات,سماعة لاسلكية,149,2,0,محفظة إلكترونية,عائد,5
ORD-10111,2025-01-27,الدمام,ملابس,جاكيت,199,1,0,بطاقة,عائد,4
ORD-10112,2025-01-28,جدة,ملابس,قميص قطني,79,3,0,تحويل بنكي,جديد,4
ORD-10113,2025-01-28,المدينة,إلكترونيات,ساعة ذكية,399,1,0,بطاقة,عائد,3
ORD-10114,2025-01-28,الرياض,أغذية,تمر فاخر,95,3,0,بطاقة,جديد,4
ORD-10115,2025-01-29,الرياض,أغذية,قهوة مختصة,65,1,0.2,الدفع عند الاستلام,عائد,5
ORD-10116,2025-01-29,الرياض,أغذية,قهوة مختصة,65,3,0.05,محفظة إلكترونية,جديد,4
ORD-10117,2025-01-29,جدة,ملابس,حذاء رياضي,249,1,0,محفظة إلكترونية,جديد,4
ORD-10118,2025-01-29,المدينة,المنزل,طقم أواني,299,2,0.1,الدفع عند الاستلام,عائد,3
ORD-10119,2025-01-30,الرياض,ملابس,قميص قطني,79,3,0,الدفع عند الاستلام,جديد,3
ORD-10120,2025-01-30,الدمام,أغذية,عسل سدر,180,2,0,محفظة إلكترونية,عائد,3
ORD-10121,2025-01-30,جدة,إلكترونيات,ساعة ذكية,399,4,0,بطاقة,عائد,
ORD-10122,2025-01-30,مكة,إلكترونيات,ساعة ذكية,399,3,0,بطاقة,عائد,
ORD-10123,2025-01-30,الرياض,المنزل,طقم أواني,299,1,0,بطاقة,عائد,3
ORD-10124,2025-01-30,الرياض,ملابس,قميص قطني,79,2,0,الدفع عند الاستلام,جديد,4
ORD-10125,2025-01-31,الرياض,أغذية,قهوة مختصة,65,4,0,بطاقة,عائد,4
ORD-10126,2025-01-31,الرياض,أغذية,قهوة مختصة,65,1,0.2,الدفع عند الاستلام,جديد,4
ORD-10127,2025-01-31,الرياض,المنزل,طقم أواني,299,3,0,بطاقة,جديد,5
ORD-10128,2025-01-31,المدينة,إلكترونيات,لوحة مفاتيح,129,2,0,بطاقة,عائد,4
ORD-10129,2025-01-31,الرياض,المنزل,طقم أواني,299,1,0.2,محفظة إلكترونية,جديد,5
ORD-10130,2025-02-01,أبها,المنزل,وسادة طبية,119,4,0.05,بطاقة,عائد,
ORD-10131,2025-02-01,أبها,ملابس,قميص قطني,79,1,0,محفظة إلكترونية,عائد,4
ORD-10132,2025-02-01,الرياض,إلكترونيات,لوحة مفاتيح,129,1,0,الدفع عند الاستلام,عائد,4
ORD-10133,2025-02-01,جدة,إلكترونيات,لوحة مفاتيح,129,2,0.2,بطاقة,عائد,5
ORD-10134,2025-02-01,الرياض,إلكترونيات,لوحة مفاتيح,129,1,0,الدفع عند الاستلام,عائد,5
ORD-10135,2025-02-02,جدة,المنزل,مصباح مكتب,89,1,0,تحويل بنكي,عائد,4
ORD-10136,2025-02-02,مكة,ملابس,قميص قطني,79,1,0,بطاقة,جديد,4
ORD-10137,2025-02-02,جدة,ملابس,حذاء رياضي,249,1,0.05,تحويل بنكي,جديد,5
ORD-10138,2025-02-03,جدة,إلكترونيات,ساعة ذكية,399,1,0.05,بطاقة,جديد,2
ORD-10139,2025-02-03,الرياض,ملابس,جاكيت,199,2,0,بطاقة,عائد,4
ORD-10140,2025-02-03,الرياض,المنزل,مصباح مكتب,89,1,0,بطاقة,جديد,4
ORD-10141,2025-02-03,الرياض,المنزل,وسادة طبية,119,1,0,تحويل بنكي,عائد,1
ORD-10142,2025-02-04,الرياض,إلكترونيات,لوحة مفاتيح,129,1,0,بطاقة,عائد,4
ORD-10143,2025-02-04,الرياض,ملابس,حذاء رياضي,249,3,0,بطاقة,عائد,1
ORD-10144,2025-02-04,المدينة,ملابس,حذاء رياضي,249,1,0,بطاقة,عائد,4
ORD-10145,2025-02-04,جدة,إلكترونيات,سماعة لاسلكية,149,2,0,الدفع عند الاستلام,عائد,5
ORD-10146,2025-02-04,مكة,المنزل,وسادة طبية,119,1,0,محفظة إلكترونية,عائد,3
ORD-10147,2025-02-05,أبها,ملابس,حذاء رياضي,249,1,0,محفظة إلكترونية,عائد,
ORD-10148,2025-02-05,الدمام,المنزل,وسادة طبية,119,3,0.1,بطاقة,جديد,5
ORD-10149,2025-02-05,الدمام,أغذية,تمر فاخر,95,2,0,بطاقة,عائد,3
ORD-10150,2025-02-05,الرياض,ملابس,حذاء رياضي,249,1,0.05,محفظة إلكترونية,عائد,1
ORD-10151,2025-02-06,الرياض,أغذية,قهوة مختصة,65,2,0,الدفع عند الاستلام,جديد,4
ORD-10152,2025-02-06,مكة,أغذية,قهوة مختصة,65,1,0,محفظة إلكترونية,عائد,5
ORD-10153,2025-02-06,جدة,المنزل,وسادة طبية,119,1,0.05,بطاقة,جديد,3
ORD-10154,2025-02-06,الرياض,ملابس,حذاء رياضي,249,1,0.05,محفظة إلكترونية,عائد,4
ORD-10155,2025-02-07,جدة,ملابس,حذاء رياضي,249,1,0,محفظة إلكترونية,جديد,4
ORD-10156,2025-02-07,أبها,إلكترونيات,لوحة مفاتيح,129,1,0.05,بطاقة,عائد,3
ORD-10157,2025-02-07,جدة,كتب,كتاب برمجة,120,2,0.05,تحويل بنكي,عائد,
ORD-10158,2025-02-07,الرياض,أغذية,تمر فاخر,95,1,0,تحويل بنكي,جديد,4
ORD-10159,2025-02-07,جدة,ملابس,حذاء رياضي,249,1,0,بطاقة,جديد,4
ORD-10160,2025-02-07,مكة,إلكترونيات,ساعة ذكية,399,1,0.2,بطاقة,عائد,4
ORD-10161,2025-02-08,الرياض,ملابس,حذاء رياضي,249,2,0.05,بطاقة,عائد,
ORD-10162,2025-02-08,أبها,ملابس,جاكيت,199,1,0.2,تحويل بنكي,عائد,5
ORD-10163,2025-02-09,الدمام,ملابس,حذاء رياضي,249,1,0.1,الدفع عند الاستلام,جديد,5
ORD-10164,2025-02-09,الدمام,ملابس,قميص قطني,79,2,0.05,بطاقة,عائد,4
ORD-10165,2025-02-09,جدة,إلكترونيات,لوحة مفاتيح,129,1,0,بطاقة,عائد,5
ORD-10166,2025-02-09,الرياض,إلكترونيات,لوحة مفاتيح,129,3,0,بطاقة,عائد,1
ORD-10167,2025-02-09,الرياض,المنزل,وسادة طبية,119,1,0,الدفع عند الاستلام,جديد,5
ORD-10168,2025-02-10,الدمام,إلكترونيات,لوحة مفاتيح,129,1,0,الدفع عند الاستلام,جديد,4
ORD-10169,2025-02-11,الرياض,ملابس,جاكيت,199,2,0.1,بطاقة,جديد,
ORD-10170,2025-02-11,الرياض,ملابس,حذاء رياضي,249,1,0,الدفع عند الاستلام,عائد,4
ORD-10171,2025-02-11,الرياض,أغذية,قهوة مختصة,65,1,0,تحويل بنكي,عائد,5
ORD-10172,2025-02-11,أبها,أغذية,تمر فاخر,95,1,0,بطاقة,عائد,5
ORD-10173,2025-02-11,جدة,أغذية,عسل سدر,180,1,0,محفظة إلكترونية,عائد,5
ORD-10174,2025-02-11,مكة,كتب,رواية,45,3,0,الدفع عند الاستلام,عائد,2
ORD-10175,2025-02-12,الدمام,أغذية,قهوة مختصة,65,2,0.05,بطاقة,جديد,3
ORD-10176,2025-02-12,الرياض,المنزل,مصباح مكتب,89,2,0,بطاقة,عائد,4
ORD-10177,2025-02-13,المدينة,أغذية,عسل سدر,180,2,0.1,بطاقة,عائد,4
ORD-10178,2025-02-13,مكة,ملابس,حذاء رياضي,249,3,0,محفظة إلكترونية,عائد,5
ORD-10179,2025-02-13,الرياض,إلكترونيات,ساعة ذكية,399,1,0,الدفع عند الاستلام,جديد,4
ORD-10180,2025-02-14,الرياض,ملابس,جاكيت,199,1,0.05,بطاقة,جديد,5
ORD-10181,2025-02-14,جدة,المنزل,طقم أواني,299,1,0,الدفع عند الاستلام,عائد,5
ORD-10182,2025-02-14,جدة,إلكترونيات,سماعة لاسلكية,149,2,0,بطاقة,عائد,5
ORD-10183,2025-02-14,جدة,المنزل,وسادة طبية,119,1,0,تحويل بنكي,عائد,
ORD-10184,2025-02-14,الرياض,ملابس,جاكيت,199,1,0.2,بطاقة,عائد,3
ORD-10185,2025-02-14,الرياض,إلكترونيات,سماعة لاسلكية,149,1,0.05,الدفع عند الاستلام,جديد,4
ORD-10186,2025-02-14,الرياض,كتب,رواية,45,2,0.1,بطاقة,عائد,5
ORD-10187,2025-02-15,أبها,كتب,كتاب برمجة,120,1,0.05,محفظة إلكترونية,جديد,5
ORD-10188,2025-02-15,جدة,أغذية,قهوة مختصة,65,1,0.1,بطاقة,عائد,5
ORD-10189,2025-02-15,أبها,إلكترونيات,لوحة مفاتيح,129,1,0,الدفع عند الاستلام,عائد,4
ORD-10190,2025-02-15,المدينة,المنزل,مصباح مكتب,89,1,0.2,محفظة إلكترونية,جديد,5
ORD-10191,2025-02-15,الرياض,أغذية,عسل سدر,180,2,0,محفظة إلكترونية,عائد,4
ORD-10192,2025-02-16,جدة,المنزل,وسادة طبية,119,4,0,محفظة إلكترونية,عائد,5
ORD-10193,2025-02-16,الرياض,ملابس,جاكيت,199,1,0.2,محفظة إلكترونية,جديد,5
ORD-10194,2025-02-16,المدينة,أغذية,تمر فاخر,95,2,0,بطاقة,عائد,4
ORD-10195,2025-02-17,جدة,إلكترونيات,ساعة ذكية,399,1,0,الدفع عند الاستلام,عائد,
ORD-10196,2025-02-17,الرياض,إلكترونيات,سماعة لاسلكية,149,1,0,تحويل بنكي,عائد,5
ORD-10197,2025-02-17,الرياض,المنزل,وسادة طبية,119,3,0,بطاقة,عائد,3
ORD-10198,2025-02-18,الرياض,المنزل,مصباح مكتب,89,1,0.1,بطاقة,جديد,5
ORD-10199,2025-02-19,الرياض,إلكترونيات,لوحة مفاتيح,129,1,0.1,الدفع عند الاستلام,جديد,5
ORD-10200,2025-02-19,جدة,كتب,رواية,45,1,0,محفظة إلكترونية,عائد,3
ORD-10201,2025-02-19,الرياض,إلكترونيات,ساعة ذكية,399,2,0,الدفع عند الاستلام,عائد,3
ORD-10202,2025-02-19,جدة,كتب,رواية,45,1,0,الدفع عند الاستلام,عائد,3
ORD-10203,2025-02-20,الدمام,أغذية,تمر فاخر,95,1,0,بطاقة,جديد,5
ORD-10204,2025-02-20,الرياض,أغذية,قهوة مختصة,65,1,0.1,محفظة إلكترونية,عائد,5
ORD-10205,2025-02-20,جدة,أغذية,قهوة مختصة,65,3,0,بطاقة,جديد,4
ORD-10206,2025-02-20,جدة,المنزل,وسادة طبية,119,1,0.1,تحويل بنكي,جديد,4
ORD-10207,2025-02-20,جدة,إلكترونيات,ساعة ذكية,399,1,0,بطاقة,عائد,5
ORD-10208,2025-02-21,الدمام,أغذية,قهوة مختصة,65,1,0.1,بطاقة,عائد,5
ORD-10209,2025-02-21,الدمام,أغذية,تمر فاخر,95,1,0,بطاقة,عائد,2
ORD-10210,2025-02-21,مكة,إلكترونيات,شاحن سريع,59,4,0,محفظة إلكترونية,عائد,4
ORD-10211,2025-02-21,الدمام,إلكترونيات,سماعة لاسلكية,149,1,0,بطاقة,جديد,
ORD-10212,2025-02-21,المدينة,أغذية,عسل سدر,180,3,0,بطاقة,عائد,3
ORD-10213,2025-02-21,جدة,كتب,رواية,45,2,0.05,الدفع عند الاستلام,جديد,4
ORD-10214,2025-02-22,الرياض,المنزل,وسادة طبية,119,1,0,بطاقة,جديد,5
ORD-10215,2025-02-22,الدمام,ملابس,جاكيت,199,1,0,محفظة إلكترونية,جديد,5
ORD-10216,2025-02-22,الرياض,أغذية,عسل سدر,180,1,0.05,بطاقة,جديد,4
ORD-10217,2025-02-22,المدينة,أغذية,تمر فاخر,95,2,0,الدفع عند الاستلام,جديد,5
ORD-10218,2025-02-23,جدة,أغذية,قهوة مختصة,65,2,0,بطاقة,جديد,5
ORD-10219,2025-02-23,مكة,إلكترونيات,شاحن سريع,59,2,0.2,بطاقة,جديد,5
ORD-10220,2025-02-23,الرياض,إلكترونيات,شاحن سريع,59,2,0,الدفع عند الاستلام,جديد,5
ORD-10221,2025-02-23,المدينة,أغذية,تمر فاخر,95,2,0,بطاقة,عائد,4
ORD-10222,2025-02-23,جدة,إلكترونيات,سماعة لاسلكية,149,1,0,الدفع عند الاستلام,عائد,4
ORD-10223,2025-02-24,الدمام,أغذية,قهوة مختصة,65,2,0,بطاقة,عائد,
ORD-10224,2025-02-24,الرياض,إلكترونيات,ساعة ذكية,399,2,0,الدفع عند الاستلام,جديد,5
ORD-10225,2025-02-25,الرياض,إلكترونيات,ساعة ذكية,399,1,0.05,الدفع عند الاستلام,جديد,
ORD-10226,2025-02-25,الدمام,ملابس,حذاء رياضي,249,1,0,بطاقة,عائد,3
ORD-10227,2025-02-25,الدمام,كتب,رواية,45,1,0,بطاقة,عائد,1
ORD-10228,2025-02-25,جدة,ملابس,جاكيت,199,4,0,بطاقة,عائد,5
ORD-10229,2025-02-26,الرياض,أغذية,قهوة مختصة,65,2,0,بطاقة,عائد,4
ORD-10230,2025-02-26,الدمام,ملابس,قميص قطني,79,1,0,بطاقة,جديد,4
ORD-10231,2025-02-26,جدة,أغذية,تمر فاخر,95,2,0,الدفع عند الاستلام,جديد,1
ORD-10232,2025-02-27,الرياض,كتب,كتاب برمجة,120,1,0,محفظة إلكترونية,جديد,3
ORD-10233,2025-02-27,الرياض,كتب,رواية,45,2,0.2,الدفع عند الاستلام,جديد,3
ORD-10234,2025-02-27,جدة,إلكترونيات,سماعة لاسلكية,149,3,0,بطاقة,عائد,5
ORD-10235,2025-02-27,جدة,ملابس,حذاء رياضي,249,1,0,بطاقة,عائد,5
ORD-10236,2025-02-27,جدة,كتب,كتاب برمجة,120,1,0,محفظة إلكترونية,عائد,4
ORD-10237,2025-02-28,الدمام,ملابس,قميص قطني,79,3,0.1,بطاقة,عائد,4
ORD-10238,2025-02-28,الدمام,ملابس,قميص قطني,79,2,0,بطاقة,عائد,5
ORD-10239,2025-02-28,الرياض,ملابس,قميص قطني,79,1,0,بطاقة,جديد,1
ORD-10240,2025-02-28,الرياض,المنزل,وسادة طبية,119,2,0.05,بطاقة,عائد,5
ORD-10241,2025-02-28,جدة,المنزل,وسادة طبية,119,3,0,الدفع عند الاستلام,جديد,5
ORD-10242,2025-02-28,جدة,كتب,رواية,45,1,0.05,بطاقة,جديد,4
ORD-10243,2025-03-01,جدة,ملابس,قميص قطني,79,1,0.2,الدفع عند الاستلام,جديد,5
ORD-10244,2025-03-01,جدة,أغذية,عسل سدر,180,2,0.05,تحويل بنكي,جديد,5
ORD-10245,2025-03-01,الدمام,المنزل,طقم أواني,299,1,0,بطاقة,جديد,5
ORD-10246,2025-03-01,جدة,كتب,كتاب برمجة,120,1,0,بطاقة,عائد,4
ORD-10247,2025-03-01,المدينة,ملابس,قميص قطني,79,1,0,بطاقة,عائد,4
ORD-10248,2025-03-01,مكة,ملابس,جاكيت,199,1,0,محفظة إلكترونية,عائد,4
ORD-10249,2025-03-01,جدة,كتب,كتاب برمجة,120,1,0,تحويل بنكي,عائد,4
ORD-10250,2025-03-01,الرياض,ملابس,حذاء رياضي,249,1,0.2,الدفع عند الاستلام,جديد,5
ORD-10251,2025-03-01,جدة,إلكترونيات,لوحة مفاتيح,129,2,0,تحويل بنكي,عائد,5
ORD-10252,2025-03-02,جدة,إلكترونيات,ساعة ذكية,399,2,0,محفظة إلكترونية,جديد,
ORD-10253,2025-03-02,المدينة,أغذية,قهوة مختصة,65,1,0.05,بطاقة,عائد,5
ORD-10254,2025-03-02,الرياض,أغذية,عسل سدر,180,2,0,بطاقة,جديد,3
ORD-10255,2025-03-02,أبها,إلكترونيات,شاحن سريع,59,1,0,بطاقة,جديد,3
ORD-10256,2025-03-02,الرياض,ملابس,قميص قطني,79,4,0,محفظة إلكترونية,عائد,3
ORD-10257,2025-03-03,الرياض,إلكترونيات,لوحة مفاتيح,129,1,0,الدفع عند الاستلام,جديد,4
ORD-10258,2025-03-03,أبها,ملابس,حذاء رياضي,249,1,0,الدفع عند الاستلام,جديد,4
ORD-10259,2025-03-03,جدة,ملابس,جاكيت,199,2,0,الدفع عند الاستلام,عائد,4
ORD-10260,2025-03-03,الرياض,أغذية,تمر فاخر,95,3,0,محفظة إلكترونية,جديد,5
ORD-10261,2025-03-03,جدة,المنزل,مصباح مكتب,89,1,0,بطاقة,عائد,5
ORD-10262,2025-03-03,المدينة,ملابس,جاكيت,199,1,0,بطاقة,جديد,4
ORD-10263,2025-03-03,مكة,إلكترونيات,سماعة لاسلكية,149,1,0.05,محفظة إلكترونية,جديد,4
ORD-10264,2025-03-04,مكة,المنزل,وسادة طبية,119,1,0,بطاقة,جديد,4
ORD-10265,2025-03-04,الرياض,كتب,رواية,45,4,0,محفظة إلكترونية,جديد,5
ORD-10266,2025-03-04,أبها,ملابس,حذاء رياضي,249,2,0.05,بطاقة,عائد,5
ORD-10267,2025-03-04,أبها,أغذية,عسل سدر,180,1,0,بطاقة,عائد,4
ORD-10268,2025-03-04,الدمام,إلكترونيات,لوحة مفاتيح,129,2,0,بطاقة,عائد,4
ORD-10269,2025-03-04,الرياض,ملابس,قميص قطني,79,1,0,بطاقة,جديد,4
ORD-10270,2025-03-04,الرياض,كتب,رواية,45,1,0,محفظة إلكترونية,عائد,5
ORD-10271,2025-03-05,الدمام,كتب,كتاب برمجة,120,1,0,بطاقة,عائد,4
ORD-10272,2025-03-05,المدينة,المنزل,مصباح مكتب,89,4,0,الدفع عند الاستلام,عائد,4
ORD-10273,2025-03-05,جدة,أغذية,عسل سدر,180,1,0.05,بطاقة,عائد,1
ORD-10274,2025-03-05,الرياض,أغذية,تمر فاخر,95,3,0.1,تحويل بنكي,جديد,5
ORD-10275,2025-03-05,أبها,إلكترونيات,شاحن سريع,59,4,0,بطاقة,جديد,5
ORD-10276,2025-03-05,الدمام,إلكترونيات,ساعة ذكية,399,1,0.1,محفظة إلكترونية,عائد,
ORD-10277,2025-03-06,جدة,أغذية,قهوة مختصة,65,3,0,بطاقة,عائد,5
ORD-10278,2025-03-06,جدة,كتب,كتاب برمجة,120,3,0.05,تحويل بنكي,جديد,5
ORD-10279,2025-03-06,مكة,المنزل,طقم أواني,299,1,0.2,الدفع عند الاستلام,عائد,2
ORD-10280,2025-03-06,مكة,كتب,كتاب برمجة,120,2,0.05,بطاقة,جديد,
ORD-10281,2025-03-06,مكة,أغذية,قهوة مختصة,65,1,0,بطاقة,عائد,4
ORD-10282,2025-03-06,المدينة,أغذية,تمر فاخر,95,2,0,بطاقة,جديد,3
ORD-10283,2025-03-06,الرياض,كتب,كتاب برمجة,120,2,0,بطاقة,جديد,
ORD-10284,2025-03-06,المدينة,أغذية,تمر فاخر,95,2,0.1,محفظة إلكترونية,عائد,
ORD-10285,2025-03-06,الرياض,المنزل,طقم أواني,299,2,0.2,محفظة إلكترونية,جديد,4
ORD-10286,2025-03-07,الرياض,أغذية,تمر فاخر,95,2,0,بطاقة,عائد,4
ORD-10287,2025-03-07,أبها,إلكترونيات,سماعة لاسلكية,149,1,0.2,الدفع عند الاستلام,عائد,5
ORD-10288,2025-03-07,جدة,المنزل,وسادة طبية,119,3,0,محفظة إلكترونية,جديد,4
ORD-10289,2025-03-07,الرياض,أغذية,تمر فاخر,95,1,0,محفظة إلكترونية,جديد,5
ORD-10290,2025-03-07,أبها,إلكترونيات,سماعة لاسلكية,149,4,0.05,محفظة إلكترونية,عائد,3
ORD-10291,2025-03-07,جدة,أغذية,تمر فاخر,95,1,0,بطاقة,جديد,3
ORD-10292,2025-03-07,الرياض,ملابس,قميص قطني,79,1,0,محفظة إلكترونية,عائد,3
ORD-10293,2025-03-08,مكة,إلكترونيات,ساعة ذكية,399,1,0,تحويل بنكي,عائد,4
ORD-10294,2025-03-08,المدينة,أغذية,تمر فاخر,95,3,0,الدفع عند الاستلام,عائد,4
ORD-10295,2025-03-08,الرياض,أغذية,قهوة مختصة,65,2,0.05,بطاقة,عائد,5
ORD-10296,2025-03-08,الرياض,أغذية,تمر فاخر,95,1,0.05,تحويل بنكي,عائد,4
ORD-10297,2025-03-08,أبها,أغذية,تمر فاخر,95,1,0,تحويل بنكي,عائد,4
ORD-10298,2025-03-09,الرياض,أغذية,قهوة مختصة,65,2,0,الدفع عند الاستلام,عائد,
ORD-10299,2025-03-09,مكة,أغذية,قهوة مختصة,65,1,0,الدفع عند الاستلام,جديد,5
ORD-10300,2025-03-09,أبها,إلكترونيات,شاحن سريع,59,1,0.1,بطاقة,عائد,4
ORD-10301,2025-03-09,الرياض,أغذية,تمر فاخر,95,2,0,تحويل بنكي,عائد,3
ORD-10302,2025-03-09,الدمام,أغذية,قهوة مختصة,65,1,0,بطاقة,عائد,
ORD-10303,2025-03-09,الدمام,المنزل,وسادة طبية,119,1,0,تحويل بنكي,عائد,4
ORD-10304,2025-03-10,جدة,ملابس,جاكيت,199,1,0,تحويل بنكي,عائد,3
ORD-10305,2025-03-10,المدينة,أغذية,تمر فاخر,95,2,0,الدفع عند الاستلام,عائد,3
ORD-10306,2025-03-10,جدة,كتب,كتاب برمجة,120,1,0,بطاقة,عائد,1
ORD-10307,2025-03-10,جدة,ملابس,حذاء رياضي,249,1,0,بطاقة,عائد,
ORD-10308,2025-03-10,المدينة,كتب,كتاب برمجة,120,2,0,بطاقة,عائد,5
ORD-10309,2025-03-10,المدينة,ملابس,حذاء رياضي,249,3,0,الدفع عند الاستلام,جديد,5
ORD-10310,2025-03-11,جدة,إلكترونيات,سماعة لاسلكية,149,1,0,بطاقة,عائد,4
ORD-10311,2025-03-11,الدمام,أغذية,عسل سدر,180,2,0,الدفع عند الاستلام,جديد,
ORD-10312,2025-03-11,الرياض,إلكترونيات,سماعة لاسلكية,149,2,0,الدفع عند الاستلام,جديد,2
ORD-10313,2025-03-11,أبها,أغذية,تمر فاخر,95,4,0.1,بطاقة,عائد,3
ORD-10314,2025-03-12,الدمام,أغذية,تمر فاخر,95,2,0,الدفع عند الاستلام,عائد,4
ORD-10315,2025-03-12,المدينة,المنزل,مصباح مكتب,89,4,0,محفظة إلكترونية,عائد,4
ORD-10316,2025-03-12,جدة,كتب,كتاب برمجة,120,1,0.1,بطاقة,عائد,2
ORD-10317,2025-03-12,مكة,إلكترونيات,لوحة مفاتيح,129,3,0.05,الدفع عند الاستلام,عائد,5
ORD-10318,2025-03-12,الدمام,إلكترونيات,سماعة لاسلكية,149,1,0,بطاقة,جديد,4
ORD-10319,2025-03-13,مكة,إلكترونيات,ساعة ذكية,399,4,0,محفظة إلكترونية,جديد,4
ORD-10320,2025-03-13,مكة,إلكترونيات,ساعة ذكية,399,2,0.1,بطاقة,عائد,3
ORD-10321,2025-03-13,جدة,أغذية,تمر فاخر,95,2,0,بطاقة,جديد,4
ORD-10322,2025-03-13,مكة,ملابس,حذاء رياضي,249,1,0,بطاقة,جديد,3
ORD-10323,2025-03-13,جدة,ملابس,حذاء رياضي,249,1,0,محفظة إلكترونية,جديد,5
ORD-10324,2025-03-13,الرياض,كتب,كتاب برمجة,120,3,0,محفظة إلكترونية,عائد,4
ORD-10325,2025-03-14,الدمام,كتب,رواية,45,1,0,محفظة إلكترونية,جديد,5
ORD-10326,2025-03-14,المدينة,أغذية,عسل سدر,180,2,0,الدفع عند الاستلام,جديد,4
ORD-10327,2025-03-14,جدة,أغذية,تمر فاخر,95,3,0.05,الدفع عند الاستلام,جديد,4
ORD-10328,2025-03-14,المدينة,كتب,كتاب برمجة,120,2,0,تحويل بنكي,جديد,3
ORD-10329,2025-03-14,مكة,أغذية,قهوة مختصة,65,2,0.2,الدفع عند الاستلام,عائد,3
ORD-10330,2025-03-14,الرياض,أغذية,عسل سدر,180,1,0,محفظة إلكترونية,عائد,
ORD-10331,2025-03-14,الرياض,أغذية,تمر فاخر,95,3,0.1,الدفع عند الاستلام,عائد,3
ORD-10332,2025-03-14,جدة,المنزل,طقم أواني,299,2,0,الدفع عند الاستلام,عائد,4
ORD-10333,2025-03-15,جدة,أغذية,تمر فاخر,95,4,0,تحويل بنكي,عائد,5
ORD-10334,2025-03-15,جدة,أغذية,تمر فاخر,95,1,0,الدفع عند الاستلام,جديد,5
ORD-10335,2025-03-15,الرياض,إلكترونيات,سماعة لاسلكية,149,2,0,تحويل بنكي,جديد,1
ORD-10336,2025-03-15,الرياض,المنزل,مصباح مكتب,89,2,0,محفظة إلكترونية,عائد,
ORD-10337,2025-03-15,الرياض,كتب,رواية,45,3,0.05,تحويل بنكي,جديد,4
ORD-10338,2025-03-16,الدمام,المنزل,وسادة طبية,119,1,0,بطاقة,جديد,3
ORD-10339,2025-03-16,جدة,كتب,رواية,45,2,0,بطاقة,عائد,2
ORD-10340,2025-03-16,المدينة,أغذية,عسل سدر,180,1,0,بطاقة,جديد,4
ORD-10341,2025-03-16,جدة,أغذية,تمر فاخر,95,2,0.05,بطاقة,عائد,5
ORD-10342,2025-03-16,مكة,المنزل,مصباح مكتب,89,4,0,بطاقة,جديد,1
ORD-10343,2025-03-16,جدة,أغذية,تمر فاخر,95,2,0,بطاقة,عائد,5
ORD-10344,2025-03-17,الرياض,أغذية,تمر فاخر,95,1,0,بطاقة,عائد,3
ORD-10345,2025-03-17,جدة,كتب,كتاب برمجة,120,2,0.1,محفظة إلكترونية,عائد,5
ORD-10346,2025-03-17,جدة,إلكترونيات,لوحة مفاتيح,129,1,0.1,محفظة إلكترونية,عائد,4
ORD-10347,2025-03-17,المدينة,ملابس,جاكيت,199,1,0,محفظة إلكترونية,جديد,5
ORD-10348,2025-03-17,جدة,أغذية,تمر فاخر,95,4,0,بطاقة,جديد,5
ORD-10349,2025-03-18,جدة,أغذية,تمر فاخر,95,2,0,بطاقة,عائد,
ORD-10350,2025-03-18,أبها,أغذية,قهوة مختصة,65,3,0.05,الدفع عند الاستلام,جديد,4
ORD-10351,2025-03-18,جدة,أغذية,تمر فاخر,95,1,0.05,بطاقة,جديد,5
ORD-10352,2025-03-18,المدينة,أغذية,قهوة مختصة,65,3,0.2,الدفع عند الاستلام,عائد,5
ORD-10353,2025-03-18,جدة,ملابس,حذاء رياضي,249,1,0.1,الدفع عند الاستلام,جديد,4
ORD-10354,2025-03-18,أبها,المنزل,وسادة طبية,119,1,0,محفظة إلكترونية,جديد,5
ORD-10355,2025-03-18,الدمام,إلكترونيات,سماعة لاسلكية,149,3,0,بطاقة,عائد,5
ORD-10356,2025-03-18,المدينة,إلكترونيات,سماعة لاسلكية,149,1,0.1,بطاقة,جديد,3
ORD-10357,2025-03-19,جدة,المنزل,وسادة طبية,119,3,0,الدفع عند الاستلام,عائد,
ORD-10358,2025-03-19,الرياض,إلكترونيات,شاحن سريع,59,2,0,محفظة إلكترونية,جديد,3
ORD-10359,2025-03-19,الدمام,أغذية,تمر فاخر,95,1,0,محفظة إلكترونية,جديد,4
ORD-10360,2025-03-19,المدينة,أغذية,تمر فاخر,95,3,0.1,محفظة إلكترونية,عائد,
ORD-10361,2025-03-19,جدة,ملابس,حذاء رياضي,249,3,0.05,محفظة إلكترونية,جديد,5
ORD-10362,2025-03-20,مكة,أغذية,قهوة مختصة,65,2,0,الدفع عند الاستلام,عائد,
ORD-10363,2025-03-20,الدمام,المنزل,مصباح مكتب,89,2,0,بطاقة,جديد,
ORD-10364,2025-03-20,جدة,المنزل,وسادة طبية,119,1,0,بطاقة,عائد,3
ORD-10365,2025-03-20,الرياض,إلكترونيات,لوحة مفاتيح,129,1,0,بطاقة,جديد,5
ORD-10366,2025-03-20,أبها,إلكترونيات,لوحة مفاتيح,129,2,0.05,بطاقة,عائد,4
ORD-10367,2025-03-20,الرياض,المنزل,وسادة طبية,119,2,0.05,بطاقة,جديد,1
ORD-10368,2025-03-20,المدينة,ملابس,جاكيت,199,1,0,الدفع عند الاستلام,جديد,4
ORD-10369,2025-03-21,الدمام,ملابس,جاكيت,199,1,0,بطاقة,عائد,4
ORD-10370,2025-03-21,المدينة,ملابس,قميص قطني,79,4,0,بطاقة,عائد,4
ORD-10371,2025-03-21,الرياض,أغذية,قهوة مختصة,65,2,0.1,بطاقة,جديد,4
ORD-10372,2025-03-21,الرياض,إلكترونيات,شاحن سريع,59,2,0.2,الدفع عند الاستلام,عائد,5
ORD-10373,2025-03-21,أبها,إلكترونيات,ساعة ذكية,399,1,0.2,بطاقة,جديد,5
ORD-10374,2025-03-21,جدة,أغذية,تمر فاخر,95,3,0,محفظة إلكترونية,جديد,4
ORD-10375,2025-03-21,جدة,إلكترونيات,ساعة ذكية,399,1,0,محفظة إلكترونية,عائد,
ORD-10376,2025-03-22,الدمام,المنزل,وسادة طبية,119,1,0,بطاقة,جديد,4
ORD-10377,2025-03-22,جدة,ملابس,جاكيت,199,2,0,الدفع عند الاستلام,عائد,5
ORD-10378,2025-03-22,المدينة,كتب,رواية,45,1,0,محفظة إلكترونية,عائد,2
ORD-10379,2025-03-22,أبها,إلكترونيات,سماعة لاسلكية,149,1,0,محفظة إلكترونية,عائد,4
ORD-10380,2025-03-22,الرياض,إلكترونيات,لوحة مفاتيح,129,1,0.1,بطاقة,جديد,5
ORD-10381,2025-03-22,جدة,أغذية,قهوة مختصة,65,4,0,الدفع عند الاستلام,عائد,3
ORD-10382,2025-03-22,الرياض,ملابس,قميص قطني,79,3,0,الدفع عند الاستلام,جديد,
ORD-10383,2025-03-23,جدة,المنزل,مصباح مكتب,89,1,0,بطاقة,عائد,4
ORD-10384,2025-03-23,الدمام,إلكترونيات,شاحن سريع,59,2,0,تحويل بنكي,عائد,5
ORD-10385,2025-03-23,جدة,كتب,رواية,45,1,0.05,بطاقة,جديد,3
ORD-10386,2025-03-23,الرياض,إلكترونيات,ساعة ذكية,399,1,0.1,الدفع عند الاستلام,عائد,4
ORD-10387,2025-03-23,جدة,ملابس,حذاء رياضي,249,1,0.05,محفظة إلكترونية,عائد,4
ORD-10388,2025-03-24,الرياض,أغذية,تمر فاخر,95,1,0,محفظة إلكترونية,عائد,3
ORD-10389,2025-03-24,الدمام,إلكترونيات,ساعة ذكية,399,2,0,الدفع عند الاستلام,جديد,4
ORD-10390,2025-03-24,الدمام,أغذية,تمر فاخر,95,1,0,بطاقة,جديد,5
ORD-10391,2025-03-24,الرياض,ملابس,قميص قطني,79,1,0,بطاقة,عائد,5
ORD-10392,2025-03-24,الرياض,أغذية,تمر فاخر,95,2,0,محفظة إلكترونية,جديد,4
ORD-10393,2025-03-25,أبها,إلكترونيات,ساعة ذكية,399,1,0,محفظة إلكترونية,عائد,4
ORD-10394,2025-03-25,الدمام,إلكترونيات,لوحة مفاتيح,129,2,0,بطاقة,عائد,4
ORD-10395,2025-03-25,أبها,أغذية,تمر فاخر,95,1,0.1,بطاقة,عائد,5
ORD-10396,2025-03-25,الرياض,أغذية,تمر فاخر,95,2,0,الدفع عند الاستلام,جديد,2
ORD-10397,2025-03-25,جدة,أغذية,تمر فاخر,95,1,0.05,بطاقة,جديد,3
ORD-10398,2025-03-26,جدة,إلكترونيات,سماعة لاسلكية,149,3,0,محفظة إلكترونية,جديد,4
ORD-10399,2025-03-26,جدة,كتب,كتاب برمجة,120,3,0,بطاقة,عائد,5
ORD-10400,2025-03-26,مكة,أغذية,قهوة مختصة,65,4,0,تحويل بنكي,عائد,4
ORD-10401,2025-03-26,أبها,أغذية,تمر فاخر,95,1,0,بطاقة,جديد,2
ORD-10402,2025-03-26,جدة,أغذية,تمر فاخر,95,1,0,محفظة إلكترونية,جديد,5
ORD-10403,2025-03-27,الرياض,أغذية,تمر فاخر,95,1,0,محفظة إلكترونية,عائد,5
ORD-10404,2025-03-27,الرياض,كتب,رواية,45,2,0,الدفع عند الاستلام,عائد,
ORD-10405,2025-03-27,المدينة,إلكترونيات,لوحة مفاتيح,129,2,0,محفظة إلكترونية,عائد,5
ORD-10406,2025-03-27,أبها,ملابس,جاكيت,199,1,0.05,تحويل بنكي,عائد,
ORD-10407,2025-03-27,جدة,ملابس,حذاء رياضي,249,1,0.05,الدفع عند الاستلام,عائد,5
ORD-10408,2025-03-27,جدة,أغذية,تمر فاخر,95,2,0.2,الدفع عند الاستلام,عائد,
ORD-10409,2025-03-28,المدينة,أغذية,قهوة مختصة,65,1,0,بطاقة,عائد,5
ORD-10410,2025-03-28,الدمام,ملابس,قميص قطني,79,1,0,بطاقة,عائد,4
ORD-10411,2025-03-28,جدة,إلكترونيات,لوحة مفاتيح,129,3,0,محفظة إلكترونية,جديد,4
ORD-10412,2025-03-28,الدمام,أغذية,تمر فاخر,95,4,0,الدفع عند الاستلام,جديد,5
ORD-10413,2025-03-28,المدينة,ملابس,قميص قطني,79,1,0,محفظة إلكترونية,جديد,
ORD-10414,2025-03-28,جدة,أغذية,تمر فاخر,95,1,0.2,بطاقة,جديد,4
ORD-10415,2025-03-28,الرياض,أغذية,تمر فاخر,95,4,0,الدفع عند الاستلام,عائد,5
ORD-10416,2025-03-29,المدينة,ملابس,حذاء رياضي,249,1,0,الدفع عند الاستلام,عائد,4
ORD-10417,2025-03-29,الرياض,كتب,كتاب برمجة,120,1,0.05,محفظة إلكترونية,جديد,3
ORD-10418,2025-03-29,الرياض,ملابس,حذاء رياضي,249,1,0.05,بطاقة,عائد,4
ORD-10419,2025-03-29,جدة,كتب,رواية,45,1,0,بطاقة,عائد,5
ORD-10420,2025-03-29,الدمام,أغذية,عسل سدر,180,2,0,محفظة إلكترونية,عائد,4
ORD-10421,2025-03-29,الرياض,كتب,كتاب برمجة,120,1,0,بطاقة,جديد,3
ORD-10422,2025-03-29,جدة,المنزل,مصباح مكتب,89,1,0,بطاقة,جديد,5
ORD-10423,2025-03-30,الرياض,ملابس,قميص قطني,79,2,0,بطاقة,عائد,
ORD-10424,2025-03-30,مكة,ملابس,حذاء رياضي,249,3,0.2,بطاقة,جديد,
ORD-10425,2025-03-30,المدينة,أغذية,تمر فاخر,95,1,0,الدفع عند الاستلام,جديد,4
ORD-10426,2025-03-30,الرياض,المنزل,طقم أواني,299,2,0,بطاقة,جديد,5
ORD-10427,2025-03-30,المدينة,أغذية,تمر فاخر,95,2,0.05,بطاقة,عائد,
ORD-10428,2025-03-30,أبها,ملابس,قميص قطني,79,1,0,محفظة إلكترونية,عائد,5
ORD-10429,2025-03-30,الرياض,أغذية,تمر فاخر,95,1,0.1,محفظة إلكترونية,جديد,3
ORD-10430,2025-03-30,المدينة,إلكترونيات,سماعة لاسلكية,149,2,0.1,تحويل بنكي,عائد,5
ORD-10431,2025-03-31,جدة,إلكترونيات,شاحن سريع,59,4,0.05,محفظة إلكترونية,جديد,4
ORD-10432,2025-03-31,الرياض,إلكترونيات,لوحة مفاتيح,129,2,0,بطاقة,عائد,4
ORD-10433,2025-03-31,جدة,المنزل,طقم أواني,299,3,0.1,بطاقة,جديد,5
ORD-10434,2025-03-31,الدمام,إلكترونيات,شاحن سريع,59,1,0,بطاقة,عائد,3
ORD-10435,2025-03-31,الدمام,أغذية,قهوة مختصة,65,3,0,الدفع عند الاستلام,عائد,
ORD-10436,2025-03-31,أبها,إلكترونيات,ساعة ذكية,399,2,0.05,تحويل بنكي,جديد,
ORD-10437,2025-03-31,الرياض,إلكترونيات,سماعة لاسلكية,149,1,0,محفظة إلكترونية,جديد,2
ORD-10438,2025-04-01,الرياض,ملابس,حذاء رياضي,249,1,0,محفظة إلكترونية,عائد,4
ORD-10439,2025-04-01,الرياض,المنزل,طقم أواني,299,1,0,بطاقة,عائد,4
ORD-10440,2025-04-01,جدة,أغذية,تمر فاخر,95,1,0.05,محفظة إلكترونية,عائد,1
ORD-10441,2025-04-01,الرياض,إلكترونيات,لوحة مفاتيح,129,1,0,الدفع عند الاستلام,جديد,5
ORD-10442,2025-04-02,الرياض,كتب,كتاب برمجة,120,2,0,بطاقة,عائد,5
ORD-10443,2025-04-02,الدمام,المنزل,طقم أواني,299,1,0.2,محفظة إلكترونية,عائد,4
ORD-10444,2025-04-02,الدمام,أغذية,عسل سدر,180,1,0,الدفع عند الاستلام,عائد,5
ORD-10445,2025-04-02,الدمام,أغذية,قهوة مختصة,65,4,0,محفظة إلكترونية,عائد,4
ORD-10446,2025-04-03,الدمام,المنزل,مصباح مكتب,89,1,0,محفظة إلكترونية,جديد,
ORD-10447,2025-04-03,الرياض,إلكترونيات,لوحة مفاتيح,129,2,0.05,محفظة إلكترونية,عائد,4
ORD-10448,2025-04-03,جدة,أغذية,تمر فاخر,95,3,0.1,بطاقة,عائد,5
ORD-10449,2025-04-03,الرياض,المنزل,وسادة طبية,119,1,0.05,بطاقة,جديد,5
ORD-10450,2025-04-03,الرياض,المنزل,طقم أواني,299,2,0,بطاقة,جديد,1
ORD-10451,2025-04-03,الرياض,إلكترونيات,لوحة مفاتيح,129,3,0.1,بطاقة,عائد,1
ORD-10452,2025-04-03,أبها,أغذية,عسل سدر,180,3,0,تحويل بنكي,جديد,4
ORD-10453,2025-04-04,الرياض,كتب,رواية,45,1,0,الدفع عند الاستلام,عائد,
ORD-10454,2025-04-04,الدمام,ملابس,حذاء رياضي,249,3,0,محفظة إلكترونية,عائد,5
ORD-10455,2025-04-04,المدينة,أغذية,قهوة مختصة,65,2,0.1,بطاقة,عائد,
ORD-10456,2025-04-04,الرياض,أغذية,قهوة مختصة,65,3,0,محفظة إلكترونية,عائد,5
ORD-10457,2025-04-04,الدمام,ملابس,حذاء رياضي,249,1,0,تحويل بنكي,جديد,5
ORD-10458,2025-04-04,الدمام,أغذية,تمر فاخر,95,2,0,الدفع عند الاستلام,عائد,5
ORD-10459,2025-04-05,الرياض,ملابس,جاكيت,199,2,0,بطاقة,جديد,5
ORD-10460,2025-04-05,المدينة,إلكترونيات,شاحن سريع,59,4,0.05,بطاقة,عائد,5
ORD-10461,2025-04-05,جدة,إلكترونيات,سماعة لاسلكية,149,2,0,الدفع عند الاستلام,عائد,4
ORD-10462,2025-04-05,الدمام,إلكترونيات,سماعة لاسلكية,149,1,0,بطاقة,جديد,5
ORD-10463,2025-04-05,الدمام,إلكترونيات,ساعة ذكية,399,3,0.05,الدفع عند الاستلام,عائد,4
ORD-10464,2025-04-05,المدينة,أغذية,تمر فاخر,95,4,0,تحويل بنكي,عائد,3
ORD-10465,2025-04-06,جدة,أغذية,قهوة مختصة,65,1,0.05,بطاقة,عائد,3
ORD-10466,2025-04-06,الرياض,إلكترونيات,ساعة ذكية,399,1,0,الدفع عند الاستلام,عائد,5
ORD-10467,2025-04-06,الرياض,كتب,رواية,45,1,0,محفظة إلكترونية,جديد,5
ORD-10468,2025-04-06,الرياض,المنزل,وسادة طبية,119,3,0.05,تحويل بنكي,جديد,4
ORD-10469,2025-04-06,مكة,إلكترونيات,شاحن سريع,59,3,0,محفظة إلكترونية,عائد,4
ORD-10470,2025-04-06,مكة,أغذية,عسل سدر,180,3,0,بطاقة,عائد,
ORD-10471,2025-04-07,الرياض,ملابس,حذاء رياضي,249,4,0.2,محفظة إلكترونية,عائد,4
ORD-10472,2025-04-07,جدة,أغذية,تمر فاخر,95,3,0,بطاقة,جديد,5
ORD-10473,2025-04-07,الرياض,أغذية,قهوة مختصة,65,1,0,الدفع عند الاستلام,عائد,1
ORD-10474,2025-04-07,الدمام,ملابس,حذاء رياضي,249,1,0,الدفع عند الاستلام,جديد,
ORD-10475,2025-04-07,جدة,إلكترونيات,شاحن سريع,59,1,0.1,محفظة إلكترونية,عائد,5
ORD-10476,2025-04-07,الرياض,المنزل,وسادة طبية,119,1,0,بطاقة,عائد,3
ORD-10477,2025-04-08,الرياض,أغذية,قهوة مختصة,65,3,0,بطاقة,عائد,5
ORD-10478,2025-04-08,الدمام,كتب,كتاب برمجة,120,2,0,بطاقة,عائد,
ORD-10479,2025-04-08,أبها,إلكترونيات,سماعة لاسلكية,149,1,0.05,محفظة إلكترونية,عائد,4
ORD-10480,2025-04-08,الرياض,المنزل,مصباح مكتب,89,2,0.05,تحويل بنكي,عائد,4
ORD-10481,2025-04-08,المدينة,المنزل,وسادة طبية,119,1,0,تحويل بنكي,عائد,2
ORD-10482,2025-04-08,مكة,إلكترونيات,سماعة لاسلكية,149,1,0,بطاقة,جديد,4
ORD-10483,2025-04-09,الرياض,ملابس,قميص قطني,79,1,0,بطاقة,جديد,5
ORD-10484,2025-04-09,جدة,إلكترونيات,شاحن سريع,59,2,0.1,بطاقة,عائد,5
ORD-10485,2025-04-09,جدة,ملابس,حذاء رياضي,249,1,0,بطاقة,عائد,
ORD-10486,2025-04-10,الرياض,ملابس,جاكيت,199,3,0,محفظة إلكترونية,عائد,5
ORD-10487,2025-04-10,جدة,إلكترونيات,سماعة لاسلكية,149,1,0,محفظة إلكترونية,جديد,2
ORD-10488,2025-04-10,الرياض,أغذية,تمر فاخر,95,3,0,محفظة إلكترونية,عائد,3
ORD-10489,2025-04-10,جدة,أغذية,تمر فاخر,95,2,0,بطاقة,عائد,3
ORD-10490,2025-04-10,الدمام,إلكترونيات,ساعة ذكية,399,3,0,محفظة إلكترونية,جديد,4
ORD-10491,2025-04-10,مكة,كتب,كتاب برمجة,120,1,0,محفظة إلكترونية,عائد,4
ORD-10492,2025-04-11,مكة,المنزل,مصباح مكتب,89,1,0,محفظة إلكترونية,عائد,3
ORD-10493,2025-04-11,أبها,المنزل,مصباح مكتب,89,2,0,محفظة إلكترونية,جديد,3
ORD-10494,2025-04-11,مكة,إلكترونيات,سماعة لاسلكية,149,1,0,محفظة إلكترونية,جديد,5
ORD-10495,2025-04-11,المدينة,إلكترونيات,سماعة لاسلكية,149,1,0.05,محفظة إلكترونية,جديد,2
ORD-10496,2025-04-11,أبها,المنزل,مصباح مكتب,89,3,0.05,بطاقة,جديد,
ORD-10497,2025-04-11,الرياض,ملابس,جاكيت,199,1,0,الدفع عند الاستلام,جديد,1
ORD-10498,2025-04-12,المدينة,إلكترونيات,شاحن سريع,59,2,0,الدفع عند الاستلام,جديد,5
ORD-10499,2025-04-12,الرياض,المنزل,وسادة طبية,119,1,0,بطاقة,عائد,4
ORD-10500,2025-04-12,مكة,أغذية,تمر فاخر,95,1,0,الدفع عند الاستلام,جديد,5
ORD-10501,2025-04-13,الرياض,ملابس,حذاء رياضي,249,2,0,محفظة إلكترونية,عائد,5
ORD-10502,2025-04-13,الرياض,المنزل,وسادة طبية,119,1,0,الدفع عند الاستلام,عائد,4
ORD-10503,2025-04-13,الدمام,إلكترونيات,شاحن سريع,59,1,0,بطاقة,عائد,4
ORD-10504,2025-04-13,المدينة,أغذية,عسل سدر,180,3,0,بطاقة,عائد,
ORD-10505,2025-04-14,مكة,المنزل,وسادة طبية,119,2,0,بطاقة,جديد,5
ORD-10506,2025-04-14,الدمام,أغذية,عسل سدر,180,3,0,محفظة إلكترونية,عائد,4
ORD-10507,2025-04-14,مكة,المنزل,مصباح مكتب,89,2,0,بطاقة,عائد,5
ORD-10508,2025-04-14,جدة,إلكترونيات,لوحة مفاتيح,129,3,0.2,الدفع عند الاستلام,جديد,4
ORD-10509,2025-04-14,الدمام,كتب,كتاب برمجة,120,3,0,محفظة إلكترونية,جديد,3
ORD-10510,2025-04-14,الدمام,أغذية,قهوة مختصة,65,1,0,بطاقة,عائد,5
ORD-10511,2025-04-15,الرياض,إلكترونيات,ساعة ذكية,399,2,0.05,محفظة إلكترونية,عائد,3
ORD-10512,2025-04-15,الرياض,أغذية,عسل سدر,180,2,0,تحويل بنكي,جديد,4
ORD-10513,2025-04-15,مكة,إلكترونيات,لوحة مفاتيح,129,1,0,محفظة إلكترونية,عائد,4
ORD-10514,2025-04-15,المدينة,إلكترونيات,ساعة ذكية,399,4,0.1,الدفع عند الاستلام,عائد,5
ORD-10515,2025-04-15,الدمام,كتب,رواية,45,3,0,بطاقة,عائد,3
ORD-10516,2025-04-16,الرياض,المنزل,طقم أواني,299,1,0,محفظة إلكترونية,جديد,5
ORD-10517,2025-04-16,الدمام,إلكترونيات,لوحة مفاتيح,129,3,0.1,محفظة إلكترونية,عائد,5
ORD-10518,2025-04-16,الرياض,ملابس,قميص قطني,79,1,0,محفظة إلكترونية,عائد,5
ORD-10519,2025-04-16,أبها,إلكترونيات,لوحة مفاتيح,129,1,0,بطاقة,جديد,3
ORD-10520,2025-04-16,الرياض,المنزل,مصباح مكتب,89,1,0,محفظة إلكترونية,عائد,3
ORD-10521,2025-04-16,مكة,أغذية,قهوة مختصة,65,4,0.05,بطاقة,جديد,3
ORD-10522,2025-04-17,جدة,ملابس,جاكيت,199,1,0.1,بطاقة,جديد,3
ORD-10523,2025-04-17,الرياض,أغذية,قهوة مختصة,65,2,0,بطاقة,جديد,5
ORD-10524,2025-04-17,المدينة,أغذية,تمر فاخر,95,2,0.05,بطاقة,عائد,
ORD-10525,2025-04-17,مكة,ملابس,حذاء رياضي,249,2,0.05,بطاقة,جديد,5
ORD-10526,2025-04-17,الدمام,كتب,كتاب برمجة,120,1,0.1,بطاقة,جديد,5
ORD-10527,2025-04-17,مكة,إلكترونيات,سماعة لاسلكية,149,3,0,تحويل بنكي,عائد,4
ORD-10528,2025-04-18,الرياض,كتب,رواية,45,1,0,بطاقة,جديد,3
ORD-10529,2025-04-18,الرياض,إلكترونيات,ساعة ذكية,399,2,0,تحويل بنكي,عائد,4
ORD-10530,2025-04-18,جدة,إلكترونيات,سماعة لاسلكية,149,3,0,محفظة إلكترونية,عائد,
ORD-10531,2025-04-18,الدمام,أغذية,عسل سدر,180,2,0.1,محفظة إلكترونية,عائد,3
ORD-10532,2025-04-18,جدة,كتب,رواية,45,1,0.05,بطاقة,عائد,3
ORD-10533,2025-04-19,الرياض,أغذية,تمر فاخر,95,3,0.1,بطاقة,جديد,3
ORD-10534,2025-04-19,الرياض,المنزل,مصباح مكتب,89,1,0,الدفع عند الاستلام,عائد,5
ORD-10535,2025-04-19,الدمام,أغذية,قهوة مختصة,65,1,0,الدفع عند الاستلام,عائد,5
ORD-10536,2025-04-19,المدينة,كتب,رواية,45,2,0,الدفع عند الاستلام,عائد,
ORD-10537,2025-04-19,جدة,كتب,رواية,45,4,0,بطاقة,جديد,5
ORD-10538,2025-04-20,الرياض,ملابس,جاكيت,199,3,0.1,تحويل بنكي,جديد,3
ORD-10539,2025-04-20,الرياض,إلكترونيات,سماعة لاسلكية,149,1,0,بطاقة,عائد,5
ORD-10540,2025-04-20,جدة,أغذية,تمر فاخر,95,4,0.2,محفظة إلكترونية,جديد,2
ORD-10541,2025-04-20,المدينة,المنزل,طقم أواني,299,2,0,الدفع عند الاستلام,جديد,
ORD-10542,2025-04-20,الرياض,ملابس,حذاء رياضي,249,1,0.1,بطاقة,عائد,3
ORD-10543,2025-04-21,الرياض,إلكترونيات,ساعة ذكية,399,2,0,تحويل بنكي,جديد,2
ORD-10544,2025-04-21,الرياض,كتب,رواية,45,2,0,بطاقة,عائد,1
ORD-10545,2025-04-21,أبها,إلكترونيات,سماعة لاسلكية,149,2,0.05,بطاقة,عائد,
ORD-10546,2025-04-21,أبها,كتب,رواية,45,3,0,الدفع عند الاستلام,عائد,3
ORD-10547,2025-04-21,الرياض,إلكترونيات,شاحن سريع,59,1,0,الدفع عند الاستلام,عائد,2
ORD-10548,2025-04-22,المدينة,إلكترونيات,ساعة ذكية,399,1,0,بطاقة,جديد,5
ORD-10549,2025-04-22,جدة,إلكترونيات,شاحن سريع,59,1,0,بطاقة,جديد,5
ORD-10550,2025-04-22,جدة,أغذية,عسل سدر,180,2,0,بطاقة,جديد,5
ORD-10551,2025-04-22,أبها,المنزل,مصباح مكتب,89,4,0,بطاقة,عائد,4
ORD-10552,2025-04-22,مكة,المنزل,طقم أواني,299,2,0.05,بطاقة,جديد,3
ORD-10553,2025-04-23,الدمام,ملابس,قميص قطني,79,1,0,تحويل بنكي,جديد,4
ORD-10554,2025-04-23,جدة,ملابس,جاكيت,199,1,0,الدفع عند الاستلام,عائد,4
ORD-10555,2025-04-23,الرياض,ملابس,قميص قطني,79,1,0,بطاقة,جديد,3
ORD-10556,2025-04-23,جدة,ملابس,حذاء رياضي,249,1,0,بطاقة,عائد,5
ORD-10557,2025-04-23,الدمام,ملابس,قميص قطني,79,1,0.1,بطاقة,عائد,
ORD-10558,2025-04-23,الدمام,أغذية,قهوة مختصة,65,3,0.2,بطاقة,عائد,
ORD-10559,2025-04-24,الدمام,ملابس,جاكيت,199,2,0.1,الدفع عند الاستلام,عائد,5
ORD-10560,2025-04-24,أبها,المنزل,مصباح مكتب,89,2,0,محفظة إلكترونية,جديد,3
ORD-10561,2025-04-24,جدة,ملابس,جاكيت,199,1,0,الدفع عند الاستلام,عائد,4
ORD-10562,2025-04-24,الرياض,أغذية,قهوة مختصة,65,3,0.05,بطاقة,عائد,5
ORD-10563,2025-04-24,مكة,ملابس,قميص قطني,79,1,0,الدفع عند الاستلام,عائد,
ORD-10564,2025-04-24,الرياض,كتب,كتاب برمجة,120,1,0,بطاقة,جديد,4
ORD-10565,2025-04-24,الدمام,أغذية,قهوة مختصة,65,2,0,محفظة إلكترونية,عائد,4
ORD-10566,2025-04-24,الدمام,المنزل,مصباح مكتب,89,2,0,محفظة إلكترونية,جديد,5
ORD-10567,2025-04-25,جدة,إلكترونيات,سماعة لاسلكية,149,2,0,الدفع عند الاستلام,جديد,4
ORD-10568,2025-04-25,جدة,المنزل,طقم أواني,299,2,0,بطاقة,جديد,4
ORD-10569,2025-04-25,أبها,أغذية,قهوة مختصة,65,2,0,محفظة إلكترونية,عائد,5
ORD-10570,2025-04-25,جدة,إلكترونيات,سماعة لاسلكية,149,1,0,بطاقة,عائد,3
ORD-10571,2025-04-25,الرياض,المنزل,طقم أواني,299,1,0.1,بطاقة,عائد,
ORD-10572,2025-04-25,الرياض,المنزل,مصباح مكتب,89,1,0,محفظة إلكترونية,عائد,5
ORD-10573,2025-04-26,الرياض,إلكترونيات,سماعة لاسلكية,149,2,0,بطاقة,عائد,5
ORD-10574,2025-04-26,الرياض,ملابس,جاكيت,199,2,0.1,تحويل بنكي,جديد,3
ORD-10575,2025-04-26,جدة,المنزل,مصباح مكتب,89,2,0,تحويل بنكي,عائد,
ORD-10576,2025-04-26,جدة,ملابس,حذاء رياضي,249,2,0,تحويل بنكي,عائد,
ORD-10577,2025-04-26,المدينة,إلكترونيات,ساعة ذكية,399,2,0,الدفع عند الاستلام,عائد,5
ORD-10578,2025-04-27,الدمام,المنزل,وسادة طبية,119,1,0,بطاقة,جديد,5
ORD-10579,2025-04-27,الدمام,المنزل,طقم أواني,299,1,0.2,الدفع عند الاستلام,جديد,5
ORD-10580,2025-04-27,الدمام,إلكترونيات,ساعة ذكية,399,1,0.1,تحويل بنكي,عائد,5
ORD-10581,2025-04-27,الرياض,ملابس,جاكيت,199,1,0.1,بطاقة,عائد,3
ORD-10582,2025-04-27,الدمام,ملابس,قميص قطني,79,1,0,بطاقة,عائد,5
ORD-10583,2025-04-28,الرياض,كتب,كتاب برمجة,120,2,0,بطاقة,عائد,
ORD-10584,2025-04-28,الرياض,إلكترونيات,ساعة ذكية,399,3,0,بطاقة,عائد,5
ORD-10585,2025-04-28,المدينة,إلكترونيات,لوحة مفاتيح,129,1,0,بطاقة,عائد,5
ORD-10586,2025-04-28,مكة,كتب,كتاب برمجة,120,3,0,تحويل بنكي,عائد,4
ORD-10587,2025-04-28,الدمام,المنزل,طقم أواني,299,1,0.2,بطاقة,عائد,5
ORD-10588,2025-04-28,الرياض,أغذية,تمر فاخر,95,1,0,محفظة إلكترونية,جديد,4
ORD-10589,2025-04-29,الرياض,كتب,كتاب برمجة,120,1,0,محفظة إلكترونية,عائد,4
ORD-10590,2025-04-29,الرياض,إلكترونيات,لوحة مفاتيح,129,1,0,بطاقة,جديد,5
ORD-10591,2025-04-30,الدمام,إلكترونيات,شاحن سريع,59,4,0.2,بطاقة,جديد,4
ORD-10592,2025-04-30,أبها,أغذية,تمر فاخر,95,2,0,الدفع عند الاستلام,جديد,
ORD-10593,2025-05-01,جدة,ملابس,قميص قطني,79,2,0.1,الدفع عند الاستلام,جديد,5
ORD-10594,2025-05-01,الرياض,المنزل,مصباح مكتب,89,1,0,محفظة إلكترونية,عائد,3
ORD-10595,2025-05-01,جدة,المنزل,وسادة طبية,119,1,0,محفظة إلكترونية,عائد,5
ORD-10596,2025-05-01,الدمام,أغذية,تمر فاخر,95,2,0,بطاقة,عائد,3
ORD-10597,2025-05-01,الرياض,أغذية,قهوة مختصة,65,3,0,محفظة إلكترونية,جديد,4
ORD-10598,2025-05-02,الرياض,إلكترونيات,شاحن سريع,59,1,0.2,بطاقة,جديد,5
ORD-10599,2025-05-02,أبها,المنزل,مصباح مكتب,89,2,0,الدفع عند الاستلام,عائد,3
ORD-10600,2025-05-02,الرياض,المنزل,وسادة طبية,119,2,0,الدفع عند الاستلام,عائد,4
ORD-10601,2025-05-02,الدمام,أغذية,تمر فاخر,95,1,0.2,تحويل بنكي,عائد,5
ORD-10602,2025-05-02,أبها,المنزل,طقم أواني,299,1,0,بطاقة,جديد,4
ORD-10603,2025-05-02,الدمام,إلكترونيات,ساعة ذكية,399,2,0,الدفع عند الاستلام,جديد,4
ORD-10604,2025-05-02,جدة,المنزل,مصباح مكتب,89,1,0,بطاقة,جديد,4
ORD-10605,2025-05-03,الرياض,إلكترونيات,سماعة لاسلكية,149,1,0.05,بطاقة,عائد,4
ORD-10606,2025-05-03,الدمام,ملابس,جاكيت,199,1,0,تحويل بنكي,عائد,
ORD-10607,2025-05-03,الرياض,كتب,كتاب برمجة,120,1,0,محفظة إلكترونية,جديد,5
ORD-10608,2025-05-03,أبها,إلكترونيات,ساعة ذكية,399,2,0,بطاقة,عائد,5
ORD-10609,2025-05-04,المدينة,ملابس,حذاء رياضي,249,1,0,بطاقة,جديد,5
ORD-10610,2025-05-04,جدة,ملابس,قميص قطني,79,1,0,محفظة إلكترونية,عائد,1
ORD-10611,2025-05-05,مكة,أغذية,عسل سدر,180,2,0,محفظة إلكترونية,جديد,5
ORD-10612,2025-05-05,جدة,أغذية,عسل سدر,180,2,0.05,بطاقة,عائد,4
ORD-10613,2025-05-05,الرياض,كتب,كتاب برمجة,120,1,0,بطاقة,جديد,
ORD-10614,2025-05-05,الرياض,أغذية,عسل سدر,180,1,0,محفظة إلكترونية,جديد,5
ORD-10615,2025-05-05,مكة,أغذية,قهوة مختصة,65,1,0,بطاقة,جديد,5
ORD-10616,2025-05-05,أبها,أغذية,عسل سدر,180,4,0,الدفع عند الاستلام,عائد,5
ORD-10617,2025-05-06,جدة,المنزل,وسادة طبية,119,2,0,بطاقة,عائد,5
ORD-10618,2025-05-06,الرياض,أغذية,قهوة مختصة,65,4,0,الدفع عند الاستلام,عائد,2
ORD-10619,2025-05-06,الرياض,كتب,رواية,45,1,0,بطاقة,جديد,5
ORD-10620,2025-05-06,جدة,ملابس,حذاء رياضي,249,2,0,محفظة إلكترونية,عائد,
ORD-10621,2025-05-07,الرياض,ملابس,جاكيت,199,2,0.1,بطاقة,عائد,
ORD-10622,2025-05-07,المدينة,أغذية,تمر فاخر,95,1,0.05,بطاقة,عائد,4
ORD-10623,2025-05-08,الدمام,إلكترونيات,شاحن سريع,59,1,0,بطاقة,عائد,4
ORD-10624,2025-05-08,الرياض,المنزل,وسادة طبية,119,1,0,بطاقة,جديد,4
ORD-10625,2025-05-08,جدة,إلكترونيات,شاحن سريع,59,1,0,تحويل بنكي,جديد,1
ORD-10626,2025-05-08,الرياض,ملابس,حذاء رياضي,249,2,0,محفظة إلكترونية,عائد,3
ORD-10627,2025-05-09,الرياض,أغذية,تمر فاخر,95,1,0,بطاقة,عائد,
ORD-10628,2025-05-09,الدمام,المنزل,وسادة طبية,119,2,0,محفظة إلكترونية,عائد,4
ORD-10629,2025-05-09,جدة,ملابس,جاكيت,199,1,0.1,محفظة إلكترونية,جديد,5
ORD-10630,2025-05-09,الرياض,المنزل,مصباح مكتب,89,1,0,الدفع عند الاستلام,عائد,4
ORD-10631,2025-05-09,الرياض,كتب,رواية,45,3,0,بطاقة,عائد,3
ORD-10632,2025-05-09,الرياض,إلكترونيات,سماعة لاسلكية,149,1,0.1,بطاقة,جديد,4
ORD-10633,2025-05-10,الرياض,المنزل,وسادة طبية,119,1,0.1,بطاقة,جديد,1
ORD-10634,2025-05-10,الرياض,كتب,رواية,45,1,0,بطاقة,جديد,
ORD-10635,2025-05-10,جدة,إلكترونيات,ساعة ذكية,399,1,0,محفظة إلكترونية,عائد,3
ORD-10636,2025-05-10,جدة,إلكترونيات,سماعة لاسلكية,149,1,0.1,بطاقة,عائد,5
ORD-10637,2025-05-10,الدمام,كتب,رواية,45,1,0,تحويل بنكي,عائد,4
ORD-10638,2025-05-11,جدة,إلكترونيات,شاحن سريع,59,1,0.05,محفظة إلكترونية,جديد,
ORD-10639,2025-05-11,جدة,أغذية,قهوة مختصة,65,1,0.05,الدفع عند الاستلام,جديد,5
ORD-10640,2025-05-11,أبها,المنزل,مصباح مكتب,89,3,0,تحويل بنكي,عائد,5
ORD-10641,2025-05-11,جدة,إلكترونيات,ساعة ذكية,399,1,0,الدفع عند الاستلام,عائد,3
ORD-10642,2025-05-11,الرياض,ملابس,حذاء رياضي,249,1,0,محفظة إلكترونية,عائد,1
ORD-10643,2025-05-12,جدة,المنزل,وسادة طبية,119,3,0,بطاقة,عائد,5
ORD-10644,2025-05-12,المدينة,ملابس,قميص قطني,79,2,0.1,محفظة إلكترونية,عائد,3
ORD-10645,2025-05-12,الرياض,المنزل,طقم أواني,299,1,0,تحويل بنكي,جديد,4
ORD-10646,2025-05-12,الرياض,ملابس,جاكيت,199,1,0,الدفع عند الاستلام,جديد,5
ORD-10647,2025-05-13,الرياض,أغذية,قهوة مختصة,65,2,0,بطاقة,عائد,3
ORD-10648,2025-05-13,جدة,إلكترونيات,ساعة ذكية,399,3,0,بطاقة,جديد,5
ORD-10649,2025-05-13,أبها,إلكترونيات,شاحن سريع,59,2,0,الدفع عند الاستلام,عائد,5
ORD-10650,2025-05-14,مكة,المنزل,وسادة طبية,119,1,0,بطاقة,عائد,
ORD-10651,2025-05-14,الدمام,أغذية,عسل سدر,180,2,0,بطاقة,جديد,5
ORD-10652,2025-05-14,الرياض,إلكترونيات,شاحن سريع,59,3,0.1,الدفع عند الاستلام,عائد,4
ORD-10653,2025-05-14,جدة,أغذية,عسل سدر,180,4,0,بطاقة,جديد,3
ORD-10654,2025-05-15,الدمام,ملابس,قميص قطني,79,1,0,محفظة إلكترونية,عائد,4
ORD-10655,2025-05-15,الرياض,المنزل,وسادة طبية,119,4,0,بطاقة,عائد,
ORD-10656,2025-05-15,جدة,أغذية,قهوة مختصة,65,2,0,محفظة إلكترونية,جديد,3
ORD-10657,2025-05-16,الدمام,ملابس,جاكيت,199,2,0,بطاقة,عائد,5
ORD-10658,2025-05-16,مكة,كتب,كتاب برمجة,120,2,0,محفظة إلكترونية,عائد,5
ORD-10659,2025-05-16,المدينة,ملابس,قميص قطني,79,1,0,تحويل بنكي,عائد,
ORD-10660,2025-05-16,مكة,المنزل,وسادة طبية,119,2,0,بطاقة,جديد,3
ORD-10661,2025-05-16,الدمام,المنزل,مصباح مكتب,89,1,0.1,محفظة إلكترونية,جديد,4
ORD-10662,2025-05-17,الرياض,المنزل,مصباح مكتب,89,2,0.05,تحويل بنكي,جديد,3
ORD-10663,2025-05-17,مكة,إلكترونيات,سماعة لاسلكية,149,1,0.1,بطاقة,جديد,5
ORD-10664,2025-05-17,الرياض,أغذية,تمر فاخر,95,1,0,بطاقة,عائد,
ORD-10665,2025-05-17,المدينة,المنزل,وسادة طبية,119,3,0,محفظة إلكترونية,عائد,5
ORD-10666,2025-05-17,أبها,ملابس,قميص قطني,79,2,0,بطاقة,عائد,5
ORD-10667,2025-05-18,المدينة,إلكترونيات,سماعة لاسلكية,149,4,0.05,بطاقة,جديد,5
ORD-10668,2025-05-18,الرياض,ملابس,جاكيت,199,1,0,الدفع عند الاستلام,جديد,4
ORD-10669,2025-05-18,جدة,المنزل,وسادة طبية,119,4,0.2,بطاقة,عائد,4
ORD-10670,2025-05-19,أبها,المنزل,مصباح مكتب,89,2,0.1,محفظة إلكترونية,جديد,4
ORD-10671,2025-05-19,أبها,ملابس,جاكيت,199,2,0,تحويل بنكي,جديد,
ORD-10672,2025-05-19,الرياض,إلكترونيات,شاحن سريع,59,1,0,محفظة إلكترونية,عائد,5
ORD-10673,2025-05-19,الرياض,إلكترونيات,ساعة ذكية,399,1,0,تحويل بنكي,عائد,4
ORD-10674,2025-05-20,الرياض,ملابس,حذاء رياضي,249,1,0.1,محفظة إلكترونية,عائد,
ORD-10675,2025-05-20,المدينة,كتب,كتاب برمجة,120,1,0.05,محفظة إلكترونية,جديد,5
ORD-10676,2025-05-20,جدة,المنزل,مصباح مكتب,89,2,0,محفظة إلكترونية,جديد,4
ORD-10677,2025-05-20,أبها,أغذية,عسل سدر,180,2,0,تحويل بنكي,جديد,4
ORD-10678,2025-05-20,الدمام,إلكترونيات,ساعة ذكية,399,1,0,بطاقة,عائد,
ORD-10679,2025-05-20,جدة,ملابس,جاكيت,199,2,0,بطاقة,جديد,4
ORD-10680,2025-05-21,أبها,إلكترونيات,سماعة لاسلكية,149,2,0,الدفع عند الاستلام,جديد,4
ORD-10681,2025-05-21,أبها,ملابس,حذاء رياضي,249,1,0,محفظة إلكترونية,عائد,4
ORD-10682,2025-05-21,الدمام,إلكترونيات,لوحة مفاتيح,129,1,0,بطاقة,عائد,5
ORD-10683,2025-05-21,الرياض,ملابس,حذاء رياضي,249,4,0.05,بطاقة,عائد,
ORD-10684,2025-05-22,الدمام,إلكترونيات,ساعة ذكية,399,3,0,بطاقة,عائد,4
ORD-10685,2025-05-22,الدمام,أغذية,تمر فاخر,95,3,0,محفظة إلكترونية,جديد,5
ORD-10686,2025-05-22,جدة,المنزل,مصباح مكتب,89,3,0.1,بطاقة,جديد,
ORD-10687,2025-05-22,الرياض,ملابس,قميص قطني,79,1,0,محفظة إلكترونية,عائد,5
ORD-10688,2025-05-22,الرياض,ملابس,قميص قطني,79,3,0.05,الدفع عند الاستلام,عائد,2
ORD-10689,2025-05-23,مكة,كتب,رواية,45,1,0,بطاقة,جديد,5
ORD-10690,2025-05-23,الرياض,كتب,كتاب برمجة,120,2,0.05,بطاقة,عائد,4
ORD-10691,2025-05-23,الرياض,كتب,كتاب برمجة,120,1,0,بطاقة,عائد,4
ORD-10692,2025-05-23,المدينة,إلكترونيات,ساعة ذكية,399,1,0,بطاقة,جديد,
ORD-10693,2025-05-23,الرياض,ملابس,حذاء رياضي,249,2,0,بطاقة,جديد,5
ORD-10694,2025-05-23,جدة,أغذية,تمر فاخر,95,2,0,الدفع عند الاستلام,عائد,5
ORD-10695,2025-05-24,مكة,إلكترونيات,لوحة مفاتيح,129,1,0.05,الدفع عند الاستلام,عائد,5
ORD-10696,2025-05-24,جدة,أغذية,تمر فاخر,95,3,0,بطاقة,جديد,5
ORD-10697,2025-05-24,جدة,إلكترونيات,ساعة ذكية,399,1,0.1,تحويل بنكي,جديد,5
ORD-10698,2025-05-25,المدينة,ملابس,جاكيت,199,2,0,محفظة إلكترونية,عائد,5
ORD-10699,2025-05-25,الرياض,المنزل,وسادة طبية,119,2,0.05,تحويل بنكي,جديد,
ORD-10700,2025-05-25,الدمام,إلكترونيات,لوحة مفاتيح,129,1,0,الدفع عند الاستلام,جديد,5
ORD-10701,2025-05-25,الدمام,إلكترونيات,ساعة ذكية,399,2,0,محفظة إلكترونية,عائد,4
ORD-10702,2025-05-26,الدمام,ملابس,جاكيت,199,2,0.05,محفظة إلكترونية,عائد,4
ORD-10703,2025-05-26,جدة,ملابس,حذاء رياضي,249,1,0,محفظة إلكترونية,جديد,4
ORD-10704,2025-05-27,مكة,المنزل,طقم أواني,299,4,0,بطاقة,عائد,5
ORD-10705,2025-05-27,أبها,ملابس,قميص قطني,79,3,0.05,محفظة إلكترونية,عائد,
ORD-10706,2025-05-27,أبها,ملابس,جاكيت,199,4,0.05,الدفع عند الاستلام,عائد,4
ORD-10707,2025-05-27,المدينة,كتب,رواية,45,2,0,بطاقة,عائد,5
ORD-10708,2025-05-27,مكة,المنزل,طقم أواني,299,1,0,بطاقة,عائد,4
ORD-10709,2025-05-27,الرياض,أغذية,تمر فاخر,95,3,0.05,الدفع عند الاستلام,عائد,
ORD-10710,2025-05-27,أبها,كتب,كتاب برمجة,120,2,0,تحويل بنكي,عائد,5
ORD-10711,2025-05-27,الرياض,أغذية,تمر فاخر,95,1,0.1,بطاقة,عائد,4
ORD-10712,2025-05-28,جدة,ملابس,حذاء رياضي,249,2,0,محفظة إلكترونية,عائد,5
ORD-10713,2025-05-28,الرياض,ملابس,حذاء رياضي,249,2,0,بطاقة,جديد,3
ORD-10714,2025-05-28,الرياض,ملابس,قميص قطني,79,3,0.05,بطاقة,عائد,5
ORD-10715,2025-05-29,المدينة,إلكترونيات,سماعة لاسلكية,149,1,0,بطاقة,جديد,2
ORD-10716,2025-05-29,الرياض,المنزل,مصباح مكتب,89,2,0,بطاقة,عائد,4
ORD-10717,2025-05-29,الرياض,إلكترونيات,لوحة مفاتيح,129,1,0,تحويل بنكي,عائد,4
ORD-10718,2025-05-29,الرياض,ملابس,قميص قطني,79,1,0.1,تحويل بنكي,جديد,5
ORD-10719,2025-05-29,الرياض,كتب,رواية,45,1,0,محفظة إلكترونية,عائد,5
ORD-10720,2025-05-29,الرياض,ملابس,قميص قطني,79,1,0,الدفع عند الاستلام,عائد,
ORD-10721,2025-05-29,مكة,ملابس,حذاء رياضي,249,1,0,محفظة إلكترونية,عائد,5
ORD-10722,2025-05-30,أبها,المنزل,وسادة طبية,119,1,0.05,بطاقة,جديد,3
ORD-10723,2025-05-30,الرياض,المنزل,وسادة طبية,119,1,0,بطاقة,عائد,5
ORD-10724,2025-05-30,الرياض,كتب,رواية,45,2,0,تحويل بنكي,جديد,
ORD-10725,2025-05-30,مكة,أغذية,عسل سدر,180,2,0,بطاقة,جديد,5
ORD-10726,2025-05-30,الدمام,إلكترونيات,ساعة ذكية,399,1,0.05,بطاقة,جديد,5
ORD-10727,2025-05-30,جدة,إلكترونيات,لوحة مفاتيح,129,3,0.2,محفظة إلكترونية,جديد,2
ORD-10728,2025-05-31,الرياض,المنزل,طقم أواني,299,2,0.2,بطاقة,جديد,3
ORD-10729,2025-05-31,الرياض,أغذية,قهوة مختصة,65,3,0,بطاقة,جديد,
ORD-10730,2025-05-31,جدة,ملابس,جاكيت,199,1,0,بطاقة,جديد,5
ORD-10731,2025-06-01,الرياض,إلكترونيات,لوحة مفاتيح,129,1,0.05,بطاقة,جديد,4
ORD-10732,2025-06-01,جدة,كتب,رواية,45,1,0,بطاقة,عائد,5
ORD-10733,2025-06-01,مكة,المنزل,طقم أواني,299,1,0.1,بطاقة,عائد,
ORD-10734,2025-06-01,أبها,كتب,كتاب برمجة,120,1,0.1,بطاقة,جديد,3
ORD-10735,2025-06-02,جدة,أغذية,عسل سدر,180,2,0,تحويل بنكي,جديد,4
ORD-10736,2025-06-02,جدة,أغذية,عسل سدر,180,1,0,تحويل بنكي,عائد,2
ORD-10737,2025-06-03,الدمام,أغذية,تمر فاخر,95,2,0,محفظة إلكترونية,عائد,5
ORD-10738,2025-06-03,جدة,ملابس,جاكيت,199,4,0,محفظة إلكترونية,جديد,4
ORD-10739,2025-06-03,أبها,أغذية,تمر فاخر,95,1,0,محفظة إلكترونية,جديد,4
ORD-10740,2025-06-04,الدمام,أغذية,تمر فاخر,95,3,0,محفظة إلكترونية,عائد,4
ORD-10741,2025-06-04,الدمام,المنزل,طقم أواني,299,1,0.05,بطاقة,عائد,4
ORD-10742,2025-06-04,الرياض,أغذية,تمر فاخر,95,1,0,بطاقة,جديد,4
ORD-10743,2025-06-05,أبها,إلكترونيات,شاحن سريع,59,1,0.05,الدفع عند الاستلام,جديد,3
ORD-10744,2025-06-05,مكة,أغذية,عسل سدر,180,4,0,بطاقة,جديد,4
ORD-10745,2025-06-05,جدة,أغذية,عسل سدر,180,1,0.05,بطاقة,عائد,4
ORD-10746,2025-06-06,مكة,كتب,كتاب برمجة,120,3,0,محفظة إلكترونية,عائد,4
ORD-10747,2025-06-06,الرياض,المنزل,طقم أواني,299,4,0,الدفع عند الاستلام,جديد,
ORD-10748,2025-06-06,الرياض,أغذية,عسل سدر,180,3,0.1,محفظة إلكترونية,عائد,4
ORD-10749,2025-06-07,مكة,كتب,رواية,45,3,0,محفظة إلكترونية,جديد,
ORD-10750,2025-06-07,أبها,ملابس,حذاء رياضي,249,1,0.1,محفظة إلكترونية,جديد,2
ORD-10751,2025-06-07,جدة,ملابس,قميص قطني,79,1,0,بطاقة,عائد,4
ORD-10752,2025-06-07,الرياض,ملابس,جاكيت,199,4,0.1,بطاقة,جديد,4
ORD-10753,2025-06-08,أبها,ملابس,قميص قطني,79,3,0,الدفع عند الاستلام,جديد,5
ORD-10754,2025-06-08,الرياض,إلكترونيات,شاحن سريع,59,1,0,محفظة إلكترونية,عائد,5
ORD-10755,2025-06-08,الرياض,أغذية,عسل سدر,180,1,0,بطاقة,عائد,4
ORD-10756,2025-06-08,مكة,إلكترونيات,شاحن سريع,59,1,0,بطاقة,جديد,3
ORD-10757,2025-06-08,الرياض,المنزل,وسادة طبية,119,2,0.05,الدفع عند الاستلام,عائد,4
ORD-10758,2025-06-09,جدة,أغذية,عسل سدر,180,2,0.1,الدفع عند الاستلام,جديد,
ORD-10759,2025-06-09,أبها,أغذية,قهوة مختصة,65,1,0,تحويل بنكي,جديد,3
ORD-10760,2025-06-09,جدة,المنزل,وسادة طبية,119,2,0,الدفع عند الاستلام,عائد,4
ORD-10761,2025-06-10,الرياض,المنزل,وسادة طبية,119,1,0.05,محفظة إلكترونية,جديد,5
ORD-10762,2025-06-10,المدينة,المنزل,وسادة طبية,119,1,0.05,بطاقة,جديد,
ORD-10763,2025-06-10,الرياض,المنزل,مصباح مكتب,89,1,0,محفظة إلكترونية,جديد,4
ORD-10764,2025-06-10,أبها,كتب,رواية,45,2,0,بطاقة,جديد,
ORD-10765,2025-06-11,أبها,المنزل,وسادة طبية,119,1,0.1,بطاقة,عائد,5
ORD-10766,2025-06-11,جدة,المنزل,مصباح مكتب,89,1,0,بطاقة,عائد,
ORD-10767,2025-06-11,الرياض,إلكترونيات,شاحن سريع,59,1,0,بطاقة,جديد,4
ORD-10768,2025-06-11,جدة,إلكترونيات,لوحة مفاتيح,129,1,0,محفظة إلكترونية,جديد,4
ORD-10769,2025-06-11,الرياض,المنزل,وسادة طبية,119,1,0,بطاقة,عائد,3
ORD-10770,2025-06-12,جدة,إلكترونيات,شاحن سريع,59,3,0,بطاقة,جديد,4
ORD-10771,2025-06-12,جدة,كتب,كتاب برمجة,120,1,0.05,محفظة إلكترونية,جديد,5
ORD-10772,2025-06-12,الدمام,المنزل,مصباح مكتب,89,1,0,محفظة إلكترونية,عائد,
ORD-10773,2025-06-12,الرياض,المنزل,وسادة طبية,119,2,0.1,الدفع عند الاستلام,عائد,5
ORD-10774,2025-06-13,مكة,أغذية,قهوة مختصة,65,5,0,الدفع عند الاستلام,عائد,5
ORD-10775,2025-06-13,الرياض,أغذية,عسل سدر,180,1,0,بطاقة,عائد,5
ORD-10776,2025-06-13,الرياض,إلكترونيات,شاحن سريع,59,1,0.05,بطاقة,جديد,5
ORD-10777,2025-06-14,المدينة,أغذية,قهوة مختصة,65,2,0,محفظة إلكترونية,عائد,5
ORD-10778,2025-06-14,المدينة,إلكترونيات,ساعة ذكية,399,3,0,بطاقة,جديد,5
ORD-10779,2025-06-15,أبها,كتب,رواية,45,3,0,بطاقة,عائد,5
ORD-10780,2025-06-15,الرياض,ملابس,حذاء رياضي,249,3,0,بطاقة,جديد,2
ORD-10781,2025-06-15,الرياض,إلكترونيات,سماعة لاسلكية,149,4,0,الدفع عند الاستلام,جديد,5
ORD-10782,2025-06-15,الدمام,إلكترونيات,شاحن سريع,59,1,0,بطاقة,عائد,2
ORD-10783,2025-06-16,الرياض,المنزل,طقم أواني,299,1,0,بطاقة,عائد,5
ORD-10784,2025-06-16,الرياض,المنزل,وسادة طبية,119,2,0.05,تحويل بنكي,عائد,5
ORD-10785,2025-06-16,الدمام,ملابس,جاكيت,199,1,0,محفظة إلكترونية,عائد,5
ORD-10786,2025-06-17,الرياض,إلكترونيات,سماعة لاسلكية,149,4,0,محفظة إلكترونية,عائد,5
ORD-10787,2025-06-17,الرياض,أغذية,تمر فاخر,95,4,0,الدفع عند الاستلام,عائد,4
ORD-10788,2025-06-17,المدينة,إلكترونيات,ساعة ذكية,399,2,0,بطاقة,عائد,5
ORD-10789,2025-06-17,جدة,المنزل,وسادة طبية,119,2,0,بطاقة,عائد,2
ORD-10790,2025-06-18,مكة,كتب,رواية,45,3,0.05,محفظة إلكترونية,عائد,
ORD-10791,2025-06-18,مكة,المنزل,طقم أواني,299,2,0,بطاقة,عائد,5
ORD-10792,2025-06-18,أبها,المنزل,مصباح مكتب,89,2,0,الدفع عند الاستلام,عائد,4
ORD-10793,2025-06-18,الرياض,كتب,كتاب برمجة,120,1,0,تحويل بنكي,عائد,
ORD-10794,2025-06-19,جدة,إلكترونيات,شاحن سريع,59,1,0.05,بطاقة,جديد,5
ORD-10795,2025-06-19,الرياض,ملابس,قميص قطني,79,1,0,محفظة إلكترونية,جديد,5
ORD-10796,2025-06-19,الرياض,إلكترونيات,شاحن سريع,59,2,0,محفظة إلكترونية,عائد,5
ORD-10797,2025-06-19,الرياض,أغذية,تمر فاخر,95,2,0.1,بطاقة,جديد,3
ORD-10798,2025-06-19,الدمام,المنزل,مصباح مكتب,89,1,0,بطاقة,عائد,4
ORD-10799,2025-06-20,الدمام,المنزل,وسادة طبية,119,1,0.05,محفظة إلكترونية,عائد,5
ORD-10800,2025-06-20,الرياض,أغذية,عسل سدر,180,1,0.05,محفظة إلكترونية,عائد,3
ORD-10801,2025-06-21,الرياض,المنزل,طقم أواني,299,1,0,محفظة إلكترونية,جديد,3
ORD-10802,2025-06-21,مكة,أغذية,عسل سدر,180,1,0,تحويل بنكي,عائد,5
ORD-10803,2025-06-21,الرياض,ملابس,جاكيت,199,1,0,بطاقة,جديد,4
ORD-10804,2025-06-21,مكة,ملابس,حذاء رياضي,249,3,0,محفظة إلكترونية,جديد,
ORD-10805,2025-06-21,الرياض,ملابس,جاكيت,199,2,0,محفظة إلكترونية,عائد,4
ORD-10806,2025-06-22,جدة,المنزل,مصباح مكتب,89,1,0.1,محفظة إلكترونية,عائد,4
ORD-10807,2025-06-22,الرياض,كتب,كتاب برمجة,120,1,0,محفظة إلكترونية,عائد,3
ORD-10808,2025-06-22,الرياض,إلكترونيات,سماعة لاسلكية,149,2,0,بطاقة,عائد,3
ORD-10809,2025-06-22,الرياض,ملابس,حذاء رياضي,249,2,0,محفظة إلكترونية,جديد,5
ORD-10810,2025-06-23,الرياض,ملابس,جاكيت,199,1,0.1,بطاقة,عائد,3
ORD-10811,2025-06-23,مكة,كتب,كتاب برمجة,120,2,0.05,تحويل بنكي,جديد,4
ORD-10812,2025-06-23,جدة,أغذية,قهوة مختصة,65,2,0,بطاقة,عائد,5
ORD-10813,2025-06-23,جدة,أغذية,تمر فاخر,95,1,0.05,الدفع عند الاستلام,عائد,5
ORD-10814,2025-06-23,مكة,أغذية,تمر فاخر,95,1,0,الدفع عند الاستلام,عائد,5
ORD-10815,2025-06-24,الدمام,المنزل,طقم أواني,299,3,0.05,بطاقة,جديد,3
ORD-10816,2025-06-25,مكة,المنزل,وسادة طبية,119,1,0,بطاقة,عائد,
ORD-10817,2025-06-25,جدة,المنزل,وسادة طبية,119,1,0,محفظة إلكترونية,عائد,3
ORD-10818,2025-06-25,الرياض,ملابس,قميص قطني,79,2,0,بطاقة,جديد,4
ORD-10819,2025-06-26,الرياض,أغذية,عسل سدر,180,2,0,تحويل بنكي,عائد,5
ORD-10820,2025-06-26,جدة,كتب,رواية,45,1,0,محفظة إلكترونية,عائد,5
ORD-10821,2025-06-26,جدة,إلكترونيات,شاحن سريع,59,3,0.05,بطاقة,جديد,4
ORD-10822,2025-06-26,جدة,المنزل,وسادة طبية,119,2,0,تحويل بنكي,جديد,4
ORD-10823,2025-06-26,جدة,المنزل,طقم أواني,299,1,0,بطاقة,عائد,5
ORD-10824,2025-06-27,المدينة,ملابس,قميص قطني,79,1,0,بطاقة,عائد,4
ORD-10825,2025-06-27,المدينة,أغذية,عسل سدر,180,3,0,محفظة إلكترونية,عائد,3
ORD-10826,2025-06-27,مكة,أغذية,عسل سدر,180,3,0.2,بطاقة,عائد,5
ORD-10827,2025-06-27,الرياض,ملابس,قميص قطني,79,3,0,محفظة إلكترونية,جديد,
ORD-10828,2025-06-28,المدينة,كتب,رواية,45,1,0.05,بطاقة,عائد,5
ORD-10829,2025-06-28,المدينة,المنزل,طقم أواني,299,2,0,بطاقة,عائد,4
ORD-10830,2025-06-29,الرياض,أغذية,عسل سدر,180,1,0.05,محفظة إلكترونية,عائد,1
ORD-10831,2025-06-29,الرياض,المنزل,وسادة طبية,119,1,0,بطاقة,عائد,3
ORD-10832,2025-06-29,الرياض,إلكترونيات,سماعة لاسلكية,149,2,0,محفظة إلكترونية,عائد,4
ORD-10833,2025-06-30,أبها,إلكترونيات,شاحن سريع,59,1,0,بطاقة,جديد,5
ORD-10834,2025-06-30,الرياض,المنزل,طقم أواني,299,1,0.1,بطاقة,عائد,5
ORD-10835,2025-06-30,الدمام,ملابس,حذاء رياضي,249,3,0,محفظة إلكترونية,جديد,5
ORD-10836,2025-07-01,الرياض,ملابس,قميص قطني,79,1,0,محفظة إلكترونية,عائد,
ORD-10837,2025-07-01,المدينة,ملابس,جاكيت,199,2,0.05,بطاقة,جديد,
ORD-10838,2025-07-01,الرياض,إلكترونيات,سماعة لاسلكية,149,2,0,محفظة إلكترونية,جديد,4
ORD-10839,2025-07-01,المدينة,أغذية,عسل سدر,180,1,0,الدفع عند الاستلام,عائد,5
ORD-10840,2025-07-02,الدمام,كتب,كتاب برمجة,120,3,0.1,الدفع عند الاستلام,عائد,5
ORD-10841,2025-07-02,الرياض,أغذية,قهوة مختصة,65,2,0.2,الدفع عند الاستلام,عائد,2
ORD-10842,2025-07-02,الدمام,المنزل,وسادة طبية,119,1,0,تحويل بنكي,عائد,5
ORD-10843,2025-07-02,الدمام,إلكترونيات,شاحن سريع,59,1,0,بطاقة,عائد,
ORD-10844,2025-07-03,الرياض,ملابس,قميص قطني,79,2,0.05,الدفع عند الاستلام,جديد,4
ORD-10845,2025-07-03,أبها,أغذية,تمر فاخر,95,2,0,بطاقة,عائد,5
ORD-10846,2025-07-04,جدة,كتب,رواية,45,2,0,تحويل بنكي,عائد,5
ORD-10847,2025-07-04,جدة,المنزل,وسادة طبية,119,1,0,بطاقة,عائد,5
ORD-10848,2025-07-04,الرياض,إلكترونيات,لوحة مفاتيح,129,2,0,بطاقة,جديد,4
ORD-10849,2025-07-04,أبها,أغذية,قهوة مختصة,65,1,0,محفظة إلكترونية,عائد,5
ORD-10850,2025-07-04,الرياض,كتب,رواية,45,1,0,الدفع عند الاستلام,عائد,5
ORD-10851,2025-07-04,المدينة,ملابس,قميص قطني,79,2,0,محفظة إلكترونية,عائد,3
ORD-10852,2025-07-05,المدينة,أغذية,قهوة مختصة,65,3,0,بطاقة,عائد,4
ORD-10853,2025-07-05,جدة,إلكترونيات,ساعة ذكية,399,1,0,محفظة إلكترونية,عائد,5
ORD-10854,2025-07-05,الرياض,ملابس,قميص قطني,79,1,0.05,بطاقة,عائد,5
ORD-10855,2025-07-06,الدمام,ملابس,جاكيت,199,2,0,محفظة إلكترونية,جديد,
ORD-10856,2025-07-06,أبها,ملابس,حذاء رياضي,249,4,0,محفظة إلكترونية,جديد,3
ORD-10857,2025-07-06,الرياض,أغذية,قهوة مختصة,65,2,0,بطاقة,عائد,4
ORD-10858,2025-07-06,الدمام,ملابس,جاكيت,199,1,0.05,محفظة إلكترونية,عائد,
ORD-10859,2025-07-06,الدمام,ملابس,قميص قطني,79,1,0,بطاقة,جديد,5
ORD-10860,2025-07-07,جدة,ملابس,قميص قطني,79,2,0,محفظة إلكترونية,عائد,4
ORD-10861,2025-07-07,أبها,إلكترونيات,سماعة لاسلكية,149,2,0,محفظة إلكترونية,عائد,4
ORD-10862,2025-07-07,مكة,المنزل,طقم أواني,299,2,0,الدفع عند الاستلام,عائد,4
ORD-10863,2025-07-08,جدة,ملابس,جاكيت,199,2,0.05,الدفع عند الاستلام,عائد,5
ORD-10864,2025-07-08,الرياض,المنزل,مصباح مكتب,89,1,0,الدفع عند الاستلام,عائد,
ORD-10865,2025-07-08,مكة,المنزل,طقم أواني,299,2,0,الدفع عند الاستلام,عائد,4
ORD-10866,2025-07-09,المدينة,كتب,رواية,45,1,0.1,بطاقة,جديد,3
ORD-10867,2025-07-09,الدمام,إلكترونيات,سماعة لاسلكية,149,1,0.05,الدفع عند الاستلام,جديد,3
ORD-10868,2025-07-09,المدينة,ملابس,قميص قطني,79,3,0,الدفع عند الاستلام,جديد,5
ORD-10869,2025-07-10,الرياض,أغذية,قهوة مختصة,65,3,0,الدفع عند الاستلام,عائد,4
ORD-10870,2025-07-10,جدة,ملابس,جاكيت,199,1,0.05,محفظة إلكترونية,جديد,4
ORD-10871,2025-07-10,الدمام,أغذية,قهوة مختصة,65,2,0,الدفع عند الاستلام,عائد,5
ORD-10872,2025-07-10,أبها,ملابس,جاكيت,199,1,0.1,الدفع عند الاستلام,جديد,5
ORD-10873,2025-07-10,مكة,إلكترونيات,ساعة ذكية,399,1,0,محفظة إلكترونية,جديد,3
ORD-10874,2025-07-10,الدمام,المنزل,وسادة طبية,119,1,0,محفظة إلكترونية,عائد,
ORD-10875,2025-07-11,الدمام,المنزل,طقم أواني,299,2,0,محفظة إلكترونية,جديد,3
ORD-10876,2025-07-11,جدة,أغذية,تمر فاخر,95,2,0,بطاقة,عائد,5
ORD-10877,2025-07-12,الدمام,إلكترونيات,شاحن سريع,59,2,0,بطاقة,عائد,2
ORD-10878,2025-07-12,جدة,كتب,رواية,45,3,0.05,بطاقة,جديد,5
ORD-10879,2025-07-13,المدينة,ملابس,جاكيت,199,3,0.1,بطاقة,عائد,4
ORD-10880,2025-07-13,الدمام,أغذية,قهوة مختصة,65,2,0.1,تحويل بنكي,جديد,4
ORD-10881,2025-07-13,مكة,المنزل,طقم أواني,299,1,0,بطاقة,عائد,3
ORD-10882,2025-07-13,أبها,المنزل,طقم أواني,299,1,0,بطاقة,جديد,4
ORD-10883,2025-07-14,الرياض,ملابس,جاكيت,199,4,0,محفظة إلكترونية,جديد,3
ORD-10884,2025-07-14,الرياض,إلكترونيات,ساعة ذكية,399,1,0,الدفع عند الاستلام,جديد,2
ORD-10885,2025-07-15,مكة,أغذية,قهوة مختصة,65,3,0.05,تحويل بنكي,عائد,5
ORD-10886,2025-07-15,المدينة,ملابس,قميص قطني,79,3,0,بطاقة,جديد,5
ORD-10887,2025-07-15,الرياض,ملابس,حذاء رياضي,249,1,0,بطاقة,عائد,1
ORD-10888,2025-07-16,جدة,أغذية,تمر فاخر,95,3,0,بطاقة,عائد,4
ORD-10889,2025-07-16,جدة,أغذية,عسل سدر,180,3,0,تحويل بنكي,عائد,1
ORD-10890,2025-07-17,الرياض,المنزل,طقم أواني,299,2,0,الدفع عند الاستلام,عائد,5
ORD-10891,2025-07-17,الدمام,ملابس,قميص قطني,79,3,0,بطاقة,جديد,2
ORD-10892,2025-07-17,المدينة,ملابس,جاكيت,199,2,0.05,بطاقة,عائد,3
ORD-10893,2025-07-17,الدمام,إلكترونيات,ساعة ذكية,399,1,0,بطاقة,عائد,4
ORD-10894,2025-07-18,أبها,أغذية,عسل سدر,180,2,0,الدفع عند الاستلام,جديد,
ORD-10895,2025-07-18,جدة,إلكترونيات,لوحة مفاتيح,129,1,0,محفظة إلكترونية,عائد,5
ORD-10896,2025-07-18,جدة,إلكترونيات,لوحة مفاتيح,129,1,0,محفظة إلكترونية,جديد,5
ORD-10897,2025-07-18,الرياض,المنزل,مصباح مكتب,89,1,0,بطاقة,جديد,5
ORD-10898,2025-07-18,جدة,أغذية,عسل سدر,180,3,0,بطاقة,جديد,2
ORD-10899,2025-07-18,الدمام,إلكترونيات,سماعة لاسلكية,149,3,0.1,تحويل بنكي,جديد,5
ORD-10900,2025-07-19,أبها,ملابس,قميص قطني,79,4,0,بطاقة,جديد,4
ORD-10901,2025-07-20,الرياض,أغذية,عسل سدر,180,1,0,تحويل بنكي,عائد,4
ORD-10902,2025-07-20,جدة,إلكترونيات,لوحة مفاتيح,129,1,0.1,بطاقة,جديد,5
ORD-10903,2025-07-20,الدمام,ملابس,قميص قطني,79,1,0.1,محفظة إلكترونية,عائد,4
ORD-10904,2025-07-20,الرياض,إلكترونيات,لوحة مفاتيح,129,1,0,محفظة إلكترونية,عائد,5
ORD-10905,2025-07-20,جدة,المنزل,وسادة طبية,119,1,0,بطاقة,عائد,5
ORD-10906,2025-07-20,الرياض,إلكترونيات,ساعة ذكية,399,1,0.05,بطاقة,جديد,5
ORD-10907,2025-07-20,الرياض,أغذية,تمر فاخر,95,2,0.1,محفظة إلكترونية,عائد,4
ORD-10908,2025-07-21,أبها,أغذية,قهوة مختصة,65,1,0,محفظة إلكترونية,جديد,4
ORD-10909,2025-07-21,الرياض,المنزل,مصباح مكتب,89,1,0,الدفع عند الاستلام,عائد,1
ORD-10910,2025-07-21,جدة,إلكترونيات,ساعة ذكية,399,1,0,الدفع عند الاستلام,عائد,3
ORD-10911,2025-07-21,مكة,إلكترونيات,سماعة لاسلكية,149,3,0,محفظة إلكترونية,عائد,4
ORD-10912,2025-07-21,الدمام,إلكترونيات,لوحة مفاتيح,129,1,0,محفظة إلكترونية,عائد,5
ORD-10913,2025-07-22,المدينة,كتب,كتاب برمجة,120,1,0,محفظة إلكترونية,جديد,4
ORD-10914,2025-07-22,الرياض,إلكترونيات,شاحن سريع,59,2,0,بطاقة,جديد,4
ORD-10915,2025-07-22,مكة,ملابس,حذاء رياضي,249,1,0,بطاقة,عائد,
ORD-10916,2025-07-22,مكة,أغذية,قهوة مختصة,65,3,0.05,الدفع عند الاستلام,جديد,5
ORD-10917,2025-07-23,المدينة,المنزل,مصباح مكتب,89,1,0,بطاقة,عائد,5
ORD-10918,2025-07-23,أبها,أغذية,تمر فاخر,95,1,0,بطاقة,عائد,5
ORD-10919,2025-07-23,الرياض,إلكترونيات,سماعة لاسلكية,149,4,0.1,الدفع عند الاستلام,جديد,5
ORD-10920,2025-07-24,مكة,ملابس,قميص قطني,79,1,0,بطاقة,جديد,4
ORD-10921,2025-07-24,مكة,إلكترونيات,ساعة ذكية,399,2,0,محفظة إلكترونية,جديد,3
ORD-10922,2025-07-24,الرياض,ملابس,جاكيت,199,3,0,محفظة إلكترونية,عائد,5
ORD-10923,2025-07-25,الرياض,أغذية,تمر فاخر,95,1,0,بطاقة,عائد,2
ORD-10924,2025-07-25,مكة,إلكترونيات,لوحة مفاتيح,129,1,0,تحويل بنكي,جديد,4
ORD-10925,2025-07-25,جدة,المنزل,وسادة طبية,119,2,0,بطاقة,جديد,5
ORD-10926,2025-07-25,المدينة,المنزل,طقم أواني,299,1,0,بطاقة,عائد,4
ORD-10927,2025-07-25,جدة,كتب,رواية,45,2,0,الدفع عند الاستلام,عائد,4
ORD-10928,2025-07-25,الرياض,إلكترونيات,سماعة لاسلكية,149,1,0,بطاقة,عائد,4
ORD-10929,2025-07-26,جدة,أغذية,تمر فاخر,95,2,0,محفظة إلكترونية,عائد,5
ORD-10930,2025-07-26,الرياض,ملابس,حذاء رياضي,249,1,0,محفظة إلكترونية,عائد,4
ORD-10931,2025-07-26,الرياض,كتب,رواية,45,1,0,بطاقة,عائد,4
ORD-10932,2025-07-26,المدينة,المنزل,مصباح مكتب,89,1,0,بطاقة,عائد,5
ORD-10933,2025-07-27,جدة,أغذية,عسل سدر,180,3,0,محفظة إلكترونية,عائد,3
ORD-10934,2025-07-27,الرياض,المنزل,وسادة طبية,119,2,0,بطاقة,عائد,5
ORD-10935,2025-07-27,مكة,المنزل,وسادة طبية,119,1,0,بطاقة,جديد,4
ORD-10936,2025-07-28,المدينة,إلكترونيات,لوحة مفاتيح,129,1,0,بطاقة,جديد,4
ORD-10937,2025-07-28,أبها,المنزل,وسادة طبية,119,4,0,محفظة إلكترونية,جديد,
ORD-10938,2025-07-28,جدة,أغذية,تمر فاخر,95,4,0,بطاقة,عائد,
ORD-10939,2025-07-29,أبها,ملابس,جاكيت,199,1,0,الدفع عند الاستلام,عائد,5
ORD-10940,2025-07-29,مكة,كتب,رواية,45,2,0,الدفع عند الاستلام,جديد,3
ORD-10941,2025-07-30,جدة,أغذية,تمر فاخر,95,3,0,بطاقة,جديد,5
ORD-10942,2025-07-30,جدة,أغذية,قهوة مختصة,65,1,0,الدفع عند الاستلام,جديد,3
ORD-10943,2025-07-30,جدة,أغذية,قهوة مختصة,65,1,0,تحويل بنكي,عائد,4
ORD-10944,2025-07-31,جدة,ملابس,قميص قطني,79,2,0,تحويل بنكي,عائد,5
ORD-10945,2025-07-31,المدينة,ملابس,قميص قطني,79,1,0,الدفع عند الاستلام,جديد,5
ORD-10946,2025-07-31,مكة,إلكترونيات,ساعة ذكية,399,1,0,محفظة إلكترونية,عائد,5
ORD-10947,2025-07-31,أبها,ملابس,حذاء رياضي,249,1,0,محفظة إلكترونية,جديد,
ORD-10948,2025-08-01,الرياض,أغذية,قهوة مختصة,65,1,0.2,بطاقة,جديد,5
ORD-10949,2025-08-01,جدة,إلكترونيات,شاحن سريع,59,2,0.05,بطاقة,عائد,5
ORD-10950,2025-08-01,الرياض,إلكترونيات,شاحن سريع,59,1,0.2,بطاقة,عائد,4
ORD-10951,2025-08-01,مكة,أغذية,تمر فاخر,95,3,0,محفظة إلكترونية,عائد,5
ORD-10952,2025-08-02,جدة,أغذية,تمر فاخر,95,2,0.2,تحويل بنكي,جديد,5
ORD-10953,2025-08-02,جدة,أغذية,قهوة مختصة,65,4,0.1,محفظة إلكترونية,جديد,5
ORD-10954,2025-08-02,الرياض,المنزل,مصباح مكتب,89,2,0,تحويل بنكي,عائد,5
ORD-10955,2025-08-02,المدينة,إلكترونيات,شاحن سريع,59,1,0,محفظة إلكترونية,عائد,
ORD-10956,2025-08-02,الدمام,ملابس,جاكيت,199,1,0.05,بطاقة,عائد,3
ORD-10957,2025-08-03,الدمام,إلكترونيات,شاحن سريع,59,1,0,بطاقة,جديد,3
ORD-10958,2025-08-03,الرياض,كتب,كتاب برمجة,120,1,0,محفظة إلكترونية,عائد,3
ORD-10959,2025-08-03,أبها,ملابس,حذاء رياضي,249,1,0,بطاقة,عائد,2
ORD-10960,2025-08-04,الدمام,كتب,كتاب برمجة,120,1,0,محفظة إلكترونية,عائد,3
ORD-10961,2025-08-04,جدة,أغذية,قهوة مختصة,65,1,0.05,بطاقة,جديد,4
ORD-10962,2025-08-04,الرياض,كتب,رواية,45,3,0,بطاقة,عائد,3
ORD-10963,2025-08-04,المدينة,المنزل,وسادة طبية,119,1,0,بطاقة,جديد,5
ORD-10964,2025-08-05,الرياض,المنزل,وسادة طبية,119,1,0,بطاقة,عائد,5
ORD-10965,2025-08-06,الرياض,أغذية,عسل سدر,180,2,0.2,محفظة إلكترونية,عائد,4
ORD-10966,2025-08-07,جدة,أغذية,قهوة مختصة,65,2,0,الدفع عند الاستلام,جديد,5
ORD-10967,2025-08-07,أبها,أغذية,تمر فاخر,95,1,0.05,محفظة إلكترونية,عائد,4
ORD-10968,2025-08-07,الرياض,ملابس,حذاء رياضي,249,2,0.2,الدفع عند الاستلام,عائد,4
ORD-10969,2025-08-07,جدة,كتب,رواية,45,1,0,الدفع عند الاستلام,جديد,5
ORD-10970,2025-08-07,جدة,المنزل,وسادة طبية,119,4,0,محفظة إلكترونية,عائد,5
ORD-10971,2025-08-08,مكة,المنزل,طقم أواني,299,1,0,بطاقة,عائد,4
ORD-10972,2025-08-08,جدة,ملابس,جاكيت,199,1,0.05,محفظة إلكترونية,عائد,5
ORD-10973,2025-08-09,المدينة,ملابس,حذاء رياضي,249,1,0,الدفع عند الاستلام,عائد,1
ORD-10974,2025-08-09,الرياض,أغذية,تمر فاخر,95,1,0.2,تحويل بنكي,عائد,
ORD-10975,2025-08-09,الرياض,إلكترونيات,سماعة لاسلكية,149,3,0,تحويل بنكي,جديد,3
ORD-10976,2025-08-09,الرياض,المنزل,مصباح مكتب,89,1,0,محفظة إلكترونية,جديد,4
ORD-10977,2025-08-10,المدينة,أغذية,تمر فاخر,95,1,0,الدفع عند الاستلام,عائد,3
ORD-10978,2025-08-10,الرياض,أغذية,قهوة مختصة,65,1,0,بطاقة,عائد,2
ORD-10979,2025-08-10,أبها,المنزل,وسادة طبية,119,1,0,تحويل بنكي,جديد,4
ORD-10980,2025-08-10,الرياض,المنزل,مصباح مكتب,89,1,0,الدفع عند الاستلام,جديد,5
ORD-10981,2025-08-11,جدة,كتب,كتاب برمجة,120,2,0,بطاقة,عائد,4
ORD-10982,2025-08-11,مكة,ملابس,حذاء رياضي,249,1,0.05,بطاقة,عائد,
ORD-10983,2025-08-12,أبها,أغذية,تمر فاخر,95,1,0,بطاقة,عائد,
ORD-10984,2025-08-12,جدة,إلكترونيات,ساعة ذكية,399,2,0,بطاقة,عائد,3
ORD-10985,2025-08-12,الدمام,المنزل,طقم أواني,299,4,0,بطاقة,عائد,5
ORD-10986,2025-08-12,الرياض,أغذية,عسل سدر,180,2,0,محفظة إلكترونية,عائد,4
ORD-10987,2025-08-12,جدة,المنزل,طقم أواني,299,1,0,الدفع عند الاستلام,جديد,3
ORD-10988,2025-08-12,جدة,المنزل,طقم أواني,299,3,0,بطاقة,عائد,4
ORD-10989,2025-08-12,جدة,المنزل,وسادة طبية,119,1,0,بطاقة,عائد,4
ORD-10990,2025-08-13,أبها,كتب,كتاب برمجة,120,3,0,بطاقة,جديد,5
ORD-10991,2025-08-13,جدة,إلكترونيات,سماعة لاسلكية,149,1,0,الدفع عند الاستلام,جديد,5
ORD-10992,2025-08-14,الرياض,أغذية,قهوة مختصة,65,2,0,بطاقة,جديد,4
ORD-10993,2025-08-14,الرياض,المنزل,طقم أواني,299,1,0,بطاقة,جديد,3
ORD-10994,2025-08-14,الرياض,إلكترونيات,لوحة مفاتيح,129,1,0,بطاقة,عائد,5
ORD-10995,2025-08-14,مكة,أغذية,عسل سدر,180,3,0,الدفع عند الاستلام,عائد,4
ORD-10996,2025-08-14,الرياض,المنزل,طقم أواني,299,1,0,الدفع عند الاستلام,عائد,3
ORD-10997,2025-08-15,الرياض,المنزل,وسادة طبية,119,1,0,تحويل بنكي,عائد,5
ORD-10998,2025-08-15,جدة,أغذية,عسل سدر,180,2,0,محفظة إلكترونية,عائد,4
ORD-10999,2025-08-15,الرياض,إلكترونيات,لوحة مفاتيح,129,3,0,تحويل بنكي,جديد,4
ORD-11000,2025-08-15,الرياض,كتب,كتاب برمجة,120,1,0.05,بطاقة,جديد,4
ORD-11001,2025-08-15,الدمام,إلكترونيات,لوحة مفاتيح,129,4,0.05,بطاقة,عائد,4
ORD-11002,2025-08-15,الرياض,ملابس,حذاء رياضي,249,1,0,بطاقة,عائد,5
ORD-11003,2025-08-16,المدينة,إلكترونيات,ساعة ذكية,399,1,0.05,بطاقة,عائد,3
ORD-11004,2025-08-16,المدينة,إلكترونيات,لوحة مفاتيح,129,1,0.2,الدفع عند الاستلام,عائد,5
ORD-11005,2025-08-16,الدمام,ملابس,جاكيت,199,4,0,محفظة إلكترونية,عائد,
ORD-11006,2025-08-16,الرياض,ملابس,حذاء رياضي,249,1,0,الدفع عند الاستلام,عائد,
ORD-11007,2025-08-16,الرياض,ملابس,جاكيت,199,2,0,بطاقة,عائد,3
ORD-11008,2025-08-17,جدة,ملابس,حذاء رياضي,249,2,0,محفظة إلكترونية,عائد,2
ORD-11009,2025-08-17,مكة,المنزل,طقم أواني,299,3,0.1,بطاقة,عائد,5
ORD-11010,2025-08-17,أبها,ملابس,جاكيت,199,3,0,محفظة إلكترونية,عائد,4
ORD-11011,2025-08-17,جدة,إلكترونيات,ساعة ذكية,399,1,0.1,محفظة إلكترونية,عائد,4
ORD-11012,2025-08-17,جدة,ملابس,حذاء رياضي,249,1,0.2,الدفع عند الاستلام,عائد,4
ORD-11013,2025-08-18,جدة,إلكترونيات,شاحن سريع,59,3,0,بطاقة,جديد,2
ORD-11014,2025-08-18,الدمام,ملابس,قميص قطني,79,1,0,بطاقة,جديد,5
ORD-11015,2025-08-18,مكة,إلكترونيات,ساعة ذكية,399,1,0,تحويل بنكي,عائد,5
ORD-11016,2025-08-18,مكة,المنزل,مصباح مكتب,89,2,0,بطاقة,جديد,2
ORD-11017,2025-08-19,جدة,ملابس,قميص قطني,79,1,0,تحويل بنكي,عائد,4
ORD-11018,2025-08-19,مكة,ملابس,حذاء رياضي,249,1,0.1,بطاقة,جديد,5
ORD-11019,2025-08-19,جدة,أغذية,عسل سدر,180,1,0.2,الدفع عند الاستلام,جديد,5
ORD-11020,2025-08-19,الرياض,أغذية,عسل سدر,180,2,0.05,بطاقة,جديد,5
ORD-11021,2025-08-20,الدمام,ملابس,حذاء رياضي,249,2,0,بطاقة,عائد,5
ORD-11022,2025-08-20,جدة,ملابس,قميص قطني,79,2,0,محفظة إلكترونية,جديد,5
ORD-11023,2025-08-20,الدمام,إلكترونيات,ساعة ذكية,399,1,0,الدفع عند الاستلام,عائد,5
ORD-11024,2025-08-20,الدمام,ملابس,جاكيت,199,1,0,بطاقة,عائد,4
ORD-11025,2025-08-21,جدة,ملابس,حذاء رياضي,249,1,0,بطاقة,عائد,5
ORD-11026,2025-08-21,أبها,إلكترونيات,شاحن سريع,59,1,0.05,محفظة إلكترونية,جديد,5
ORD-11027,2025-08-21,مكة,أغذية,قهوة مختصة,65,1,0.1,الدفع عند الاستلام,جديد,3
ORD-11028,2025-08-21,مكة,كتب,رواية,45,1,0,بطاقة,عائد,5
ORD-11029,2025-08-22,جدة,كتب,رواية,45,3,0,محفظة إلكترونية,عائد,
ORD-11030,2025-08-22,أبها,إلكترونيات,لوحة مفاتيح,129,1,0,بطاقة,عائد,2
ORD-11031,2025-08-22,الرياض,المنزل,طقم أواني,299,1,0.2,بطاقة,جديد,2
ORD-11032,2025-08-23,الرياض,المنزل,طقم أواني,299,3,0.1,بطاقة,عائد,5
ORD-11033,2025-08-23,المدينة,إلكترونيات,ساعة ذكية,399,1,0.05,الدفع عند الاستلام,عائد,4
ORD-11034,2025-08-23,جدة,ملابس,حذاء رياضي,249,3,0,محفظة إلكترونية,عائد,5
ORD-11035,2025-08-23,أبها,المنزل,وسادة طبية,119,1,0.05,محفظة إلكترونية,عائد,5
ORD-11036,2025-08-24,جدة,إلكترونيات,شاحن سريع,59,1,0,بطاقة,جديد,5
ORD-11037,2025-08-24,مكة,إلكترونيات,سماعة لاسلكية,149,1,0.1,بطاقة,عائد,3
ORD-11038,2025-08-24,المدينة,كتب,كتاب برمجة,120,1,0,بطاقة,عائد,4
ORD-11039,2025-08-24,جدة,أغذية,عسل سدر,180,4,0,بطاقة,جديد,
ORD-11040,2025-08-24,أبها,المنزل,مصباح مكتب,89,1,0,بطاقة,جديد,5
ORD-11041,2025-08-25,جدة,أغذية,قهوة مختصة,65,4,0,الدفع عند الاستلام,عائد,4
ORD-11042,2025-08-25,الرياض,إلكترونيات,لوحة مفاتيح,129,1,0,بطاقة,عائد,5
ORD-11043,2025-08-25,جدة,المنزل,وسادة طبية,119,3,0,محفظة إلكترونية,عائد,3
ORD-11044,2025-08-25,جدة,أغذية,عسل سدر,180,2,0,محفظة إلكترونية,عائد,
ORD-11045,2025-08-25,مكة,أغذية,تمر فاخر,95,2,0,بطاقة,جديد,4
ORD-11046,2025-08-25,الدمام,ملابس,حذاء رياضي,249,1,0,بطاقة,جديد,3
ORD-11047,2025-08-26,المدينة,المنزل,وسادة طبية,119,2,0,بطاقة,عائد,3
ORD-11048,2025-08-26,الدمام,المنزل,وسادة طبية,119,2,0,محفظة إلكترونية,جديد,4
ORD-11049,2025-08-26,الرياض,المنزل,طقم أواني,299,1,0.05,محفظة إلكترونية,جديد,2
ORD-11050,2025-08-27,مكة,إلكترونيات,لوحة مفاتيح,129,1,0.05,بطاقة,عائد,3
ORD-11051,2025-08-27,جدة,ملابس,جاكيت,199,2,0,محفظة إلكترونية,جديد,3
ORD-11052,2025-08-28,أبها,أغذية,قهوة مختصة,65,1,0,محفظة إلكترونية,عائد,4
ORD-11053,2025-08-28,الدمام,ملابس,قميص قطني,79,1,0,بطاقة,جديد,4
ORD-11054,2025-08-28,مكة,المنزل,مصباح مكتب,89,1,0,الدفع عند الاستلام,جديد,4
ORD-11055,2025-08-28,جدة,ملابس,جاكيت,199,2,0.05,محفظة إلكترونية,عائد,5
ORD-11056,2025-08-29,جدة,أغذية,عسل سدر,180,1,0,الدفع عند الاستلام,جديد,5
ORD-11057,2025-08-29,جدة,ملابس,حذاء رياضي,249,1,0.05,محفظة إلكترونية,جديد,4
ORD-11058,2025-08-30,الدمام,إلكترونيات,سماعة لاسلكية,149,1,0,بطاقة,جديد,4
ORD-11059,2025-08-30,جدة,كتب,كتاب برمجة,120,2,0,بطاقة,جديد,5
ORD-11060,2025-08-30,أبها,المنزل,وسادة طبية,119,3,0,محفظة إلكترونية,عائد,
ORD-11061,2025-08-30,الدمام,إلكترونيات,ساعة ذكية,399,4,0,محفظة إلكترونية,عائد,5
ORD-11062,2025-08-31,الرياض,المنزل,طقم أواني,299,2,0,بطاقة,عائد,4
ORD-11063,2025-08-31,الرياض,المنزل,مصباح مكتب,89,2,0,بطاقة,جديد,5
ORD-11064,2025-08-31,جدة,ملابس,جاكيت,199,2,0,الدفع عند الاستلام,عائد,
ORD-11065,2025-08-31,الرياض,ملابس,جاكيت,199,2,0,بطاقة,جديد,5
ORD-11066,2025-09-01,أبها,المنزل,وسادة طبية,119,1,0,الدفع عند الاستلام,عائد,5
ORD-11067,2025-09-01,الرياض,أغذية,قهوة مختصة,65,3,0.2,بطاقة,عائد,5
ORD-11068,2025-09-01,الرياض,إلكترونيات,شاحن سريع,59,1,0,تحويل بنكي,جديد,4
ORD-11069,2025-09-02,جدة,أغذية,تمر فاخر,95,2,0,بطاقة,عائد,2
ORD-11070,2025-09-02,الرياض,إلكترونيات,ساعة ذكية,399,2,0.05,بطاقة,عائد,5
ORD-11071,2025-09-02,الدمام,أغذية,قهوة مختصة,65,3,0,محفظة إلكترونية,جديد,3
ORD-11072,2025-09-03,جدة,المنزل,وسادة طبية,119,2,0.05,محفظة إلكترونية,عائد,4
ORD-11073,2025-09-03,جدة,ملابس,قميص قطني,79,4,0,بطاقة,عائد,4
ORD-11074,2025-09-03,الرياض,المنزل,طقم أواني,299,1,0,بطاقة,عائد,4
ORD-11075,2025-09-03,أبها,كتب,رواية,45,2,0,بطاقة,جديد,5
ORD-11076,2025-09-04,أبها,ملابس,حذاء رياضي,249,2,0,محفظة إلكترونية,جديد,4
ORD-11077,2025-09-04,الرياض,ملابس,جاكيت,199,1,0.1,محفظة إلكترونية,جديد,4
ORD-11078,2025-09-04,الدمام,إلكترونيات,سماعة لاسلكية,149,4,0,محفظة إلكترونية,عائد,
ORD-11079,2025-09-04,أبها,إلكترونيات,ساعة ذكية,399,1,0,محفظة إلكترونية,عائد,3
ORD-11080,2025-09-04,الدمام,أغذية,تمر فاخر,95,1,0.05,محفظة إلكترونية,جديد,5
ORD-11081,2025-09-05,الدمام,المنزل,مصباح مكتب,89,1,0,بطاقة,جديد,5
ORD-11082,2025-09-05,المدينة,ملابس,قميص قطني,79,2,0.05,بطاقة,عائد,5
ORD-11083,2025-09-05,مكة,ملابس,جاكيت,199,2,0,بطاقة,عائد,2
ORD-11084,2025-09-05,الرياض,إلكترونيات,لوحة مفاتيح,129,2,0,بطاقة,جديد,4
ORD-11085,2025-09-06,مكة,ملابس,حذاء رياضي,249,1,0,الدفع عند الاستلام,عائد,
ORD-11086,2025-09-06,مكة,ملابس,قميص قطني,79,1,0,بطاقة,جديد,4
ORD-11087,2025-09-06,جدة,المنزل,وسادة طبية,119,2,0,محفظة إلكترونية,عائد,
ORD-11088,2025-09-06,الرياض,المنزل,مصباح مكتب,89,2,0,بطاقة,جديد,
ORD-11089,2025-09-06,مكة,المنزل,مصباح مكتب,89,4,0,تحويل بنكي,عائد,3
ORD-11090,2025-09-07,مكة,كتب,رواية,45,1,0.05,الدفع عند الاستلام,جديد,3
ORD-11091,2025-09-07,مكة,المنزل,مصباح مكتب,89,1,0.05,الدفع عند الاستلام,عائد,5
ORD-11092,2025-09-07,أبها,إلكترونيات,شاحن سريع,59,1,0.05,بطاقة,عائد,
ORD-11093,2025-09-08,الرياض,أغذية,تمر فاخر,95,1,0.05,محفظة إلكترونية,جديد,5
ORD-11094,2025-09-08,الرياض,ملابس,جاكيت,199,3,0,الدفع عند الاستلام,عائد,5
ORD-11095,2025-09-08,جدة,ملابس,حذاء رياضي,249,2,0,محفظة إلكترونية,جديد,3
ORD-11096,2025-09-08,جدة,ملابس,قميص قطني,79,2,0,بطاقة,جديد,4
ORD-11097,2025-09-08,الرياض,ملابس,حذاء رياضي,249,1,0,بطاقة,عائد,4
ORD-11098,2025-09-08,جدة,كتب,رواية,45,1,0,محفظة إلكترونية,جديد,5
ORD-11099,2025-09-09,مكة,إلكترونيات,شاحن سريع,59,3,0,الدفع عند الاستلام,عائد,4
ORD-11100,2025-09-09,جدة,المنزل,مصباح مكتب,89,1,0,بطاقة,عائد,3
ORD-11101,2025-09-09,جدة,المنزل,وسادة طبية,119,1,0.05,بطاقة,عائد,4
ORD-11102,2025-09-09,الدمام,إلكترونيات,ساعة ذكية,399,2,0,محفظة إلكترونية,جديد,5
ORD-11103,2025-09-09,الرياض,ملابس,جاكيت,199,2,0.1,محفظة إلكترونية,عائد,5
ORD-11104,2025-09-10,مكة,إلكترونيات,شاحن سريع,59,1,0,بطاقة,عائد,5
ORD-11105,2025-09-10,الرياض,أغذية,تمر فاخر,95,2,0.2,الدفع عند الاستلام,جديد,3
ORD-11106,2025-09-10,المدينة,ملابس,حذاء رياضي,249,4,0,بطاقة,جديد,4
ORD-11107,2025-09-11,الرياض,ملابس,حذاء رياضي,249,3,0,بطاقة,عائد,4
ORD-11108,2025-09-11,الرياض,المنزل,طقم أواني,299,2,0,تحويل بنكي,جديد,3
ORD-11109,2025-09-11,جدة,ملابس,جاكيت,199,3,0,بطاقة,عائد,
ORD-11110,2025-09-11,الرياض,أغذية,تمر فاخر,95,2,0,الدفع عند الاستلام,جديد,3
ORD-11111,2025-09-11,الدمام,إلكترونيات,شاحن سريع,59,1,0,محفظة إلكترونية,عائد,5
ORD-11112,2025-09-12,جدة,أغذية,عسل سدر,180,2,0,تحويل بنكي,عائد,3
ORD-11113,2025-09-12,الدمام,أغذية,عسل سدر,180,4,0,بطاقة,جديد,5
ORD-11114,2025-09-13,جدة,ملابس,قميص قطني,79,1,0.05,الدفع عند الاستلام,عائد,
ORD-11115,2025-09-13,جدة,إلكترونيات,ساعة ذكية,399,1,0,محفظة إلكترونية,جديد,3
ORD-11116,2025-09-13,جدة,كتب,رواية,45,3,0,بطاقة,عائد,5
ORD-11117,2025-09-13,جدة,ملابس,جاكيت,199,3,0,الدفع عند الاستلام,جديد,5
ORD-11118,2025-09-13,الرياض,إلكترونيات,سماعة لاسلكية,149,1,0,الدفع عند الاستلام,جديد,5
ORD-11119,2025-09-13,الرياض,ملابس,قميص قطني,79,1,0,بطاقة,جديد,
ORD-11120,2025-09-14,المدينة,كتب,كتاب برمجة,120,1,0.1,بطاقة,عائد,5
ORD-11121,2025-09-14,الرياض,ملابس,حذاء رياضي,249,2,0.05,تحويل بنكي,عائد,5
ORD-11122,2025-09-14,الرياض,المنزل,وسادة طبية,119,3,0.1,محفظة إلكترونية,عائد,4
ORD-11123,2025-09-14,الدمام,ملابس,قميص قطني,79,2,0,بطاقة,جديد,
ORD-11124,2025-09-15,جدة,المنزل,مصباح مكتب,89,1,0,بطاقة,جديد,4
ORD-11125,2025-09-15,جدة,أغذية,قهوة مختصة,65,3,0,بطاقة,عائد,5
ORD-11126,2025-09-15,جدة,المنزل,طقم أواني,299,1,0,بطاقة,عائد,3
ORD-11127,2025-09-16,الدمام,إلكترونيات,شاحن سريع,59,1,0.05,تحويل بنكي,جديد,
ORD-11128,2025-09-16,الرياض,إلكترونيات,شاحن سريع,59,1,0,بطاقة,جديد,1
ORD-11129,2025-09-16,جدة,ملابس,حذاء رياضي,249,1,0,الدفع عند الاستلام,عائد,5
ORD-11130,2025-09-16,الدمام,إلكترونيات,سماعة لاسلكية,149,2,0.1,بطاقة,جديد,
ORD-11131,2025-09-16,أبها,المنزل,طقم أواني,299,2,0,محفظة إلكترونية,عائد,4
ORD-11132,2025-09-17,أبها,المنزل,وسادة طبية,119,2,0,بطاقة,جديد,3
ORD-11133,2025-09-17,جدة,المنزل,مصباح مكتب,89,1,0,الدفع عند الاستلام,عائد,5
ORD-11134,2025-09-17,الرياض,ملابس,حذاء رياضي,249,4,0,محفظة إلكترونية,عائد,5
ORD-11135,2025-09-17,الرياض,أغذية,قهوة مختصة,65,1,0,بطاقة,جديد,4
ORD-11136,2025-09-18,المدينة,كتب,كتاب برمجة,120,3,0.1,محفظة إلكترونية,عائد,
ORD-11137,2025-09-18,مكة,إلكترونيات,لوحة مفاتيح,129,3,0,بطاقة,جديد,5
ORD-11138,2025-09-18,المدينة,المنزل,مصباح مكتب,89,4,0.05,محفظة إلكترونية,عائد,4
ORD-11139,2025-09-18,جدة,إلكترونيات,شاحن سريع,59,3,0,تحويل بنكي,جديد,
ORD-11140,2025-09-19,الرياض,أغذية,قهوة مختصة,65,1,0,بطاقة,جديد,4
ORD-11141,2025-09-19,أبها,كتب,كتاب برمجة,120,2,0,بطاقة,جديد,4
ORD-11142,2025-09-19,الرياض,أغذية,عسل سدر,180,1,0.2,الدفع عند الاستلام,جديد,4
ORD-11143,2025-09-20,الرياض,كتب,رواية,45,2,0,بطاقة,عائد,
ORD-11144,2025-09-20,جدة,كتب,رواية,45,2,0,محفظة إلكترونية,جديد,
ORD-11145,2025-09-20,الدمام,كتب,كتاب برمجة,120,1,0,بطاقة,جديد,5
ORD-11146,2025-09-21,المدينة,أغذية,عسل سدر,180,2,0.1,تحويل بنكي,جديد,1
ORD-11147,2025-09-21,الدمام,كتب,رواية,45,3,0.1,الدفع عند الاستلام,عائد,2
ORD-11148,2025-09-21,جدة,ملابس,حذاء رياضي,249,1,0.2,بطاقة,جديد,5
ORD-11149,2025-09-21,الرياض,إلكترونيات,ساعة ذكية,399,2,0,بطاقة,عائد,5
ORD-11150,2025-09-21,الرياض,ملابس,حذاء رياضي,249,3,0,بطاقة,عائد,5
ORD-11151,2025-09-22,الدمام,إلكترونيات,ساعة ذكية,399,1,0,بطاقة,عائد,5
ORD-11152,2025-09-22,مكة,ملابس,قميص قطني,79,2,0,بطاقة,عائد,4
ORD-11153,2025-09-22,الرياض,كتب,كتاب برمجة,120,1,0,الدفع عند الاستلام,عائد,4
ORD-11154,2025-09-22,الدمام,ملابس,حذاء رياضي,249,1,0,بطاقة,عائد,4
ORD-11155,2025-09-22,الرياض,ملابس,حذاء رياضي,249,3,0.1,الدفع عند الاستلام,جديد,5
ORD-11156,2025-09-23,أبها,إلكترونيات,سماعة لاسلكية,149,1,0,الدفع عند الاستلام,عائد,5
ORD-11157,2025-09-23,جدة,كتب,كتاب برمجة,120,3,0,بطاقة,عائد,3
ORD-11158,2025-09-23,الدمام,أغذية,عسل سدر,180,1,0,محفظة إلكترونية,جديد,5
ORD-11159,2025-09-23,الرياض,كتب,كتاب برمجة,120,2,0.1,الدفع عند الاستلام,جديد,5
ORD-11160,2025-09-24,الرياض,ملابس,جاكيت,199,4,0.05,بطاقة,عائد,5
ORD-11161,2025-09-24,جدة,ملابس,حذاء رياضي,249,1,0.1,بطاقة,عائد,
ORD-11162,2025-09-25,الدمام,كتب,رواية,45,1,0,بطاقة,عائد,3
ORD-11163,2025-09-25,الرياض,أغذية,قهوة مختصة,65,1,0,بطاقة,عائد,
ORD-11164,2025-09-25,جدة,كتب,رواية,45,2,0,بطاقة,عائد,
ORD-11165,2025-09-25,الدمام,إلكترونيات,ساعة ذكية,399,3,0.1,بطاقة,عائد,4
ORD-11166,2025-09-25,الرياض,ملابس,قميص قطني,79,3,0.2,الدفع عند الاستلام,عائد,4
ORD-11167,2025-09-26,الدمام,كتب,رواية,45,1,0,بطاقة,عائد,4
ORD-11168,2025-09-26,جدة,ملابس,قميص قطني,79,1,0,بطاقة,عائد,5
ORD-11169,2025-09-26,الرياض,كتب,كتاب برمجة,120,1,0.05,محفظة إلكترونية,عائد,3
ORD-11170,2025-09-26,جدة,أغذية,عسل سدر,180,3,0.2,محفظة إلكترونية,عائد,4
ORD-11171,2025-09-26,جدة,أغذية,تمر فاخر,95,2,0,بطاقة,عائد,
ORD-11172,2025-09-26,المدينة,إلكترونيات,ساعة ذكية,399,1,0,محفظة إلكترونية,عائد,
ORD-11173,2025-09-27,الدمام,المنزل,مصباح مكتب,89,1,0,بطاقة,جديد,3
ORD-11174,2025-09-27,جدة,أغذية,تمر فاخر,95,2,0,بطاقة,عائد,5
ORD-11175,2025-09-28,الرياض,إلكترونيات,شاحن سريع,59,1,0,تحويل بنكي,عائد,4
ORD-11176,2025-09-28,الرياض,كتب,كتاب برمجة,120,1,0.2,الدفع عند الاستلام,عائد,5
ORD-11177,2025-09-28,جدة,أغذية,قهوة مختصة,65,2,0,محفظة إلكترونية,عائد,4
ORD-11178,2025-09-28,الدمام,إلكترونيات,شاحن سريع,59,2,0,الدفع عند الاستلام,جديد,5
ORD-11179,2025-09-29,جدة,ملابس,قميص قطني,79,1,0,بطاقة,جديد,4
ORD-11180,2025-09-29,الرياض,أغذية,تمر فاخر,95,2,0,بطاقة,عائد,3
ORD-11181,2025-09-29,مكة,أغذية,تمر فاخر,95,2,0,الدفع عند الاستلام,جديد,3
ORD-11182,2025-09-30,الرياض,أغذية,تمر فاخر,95,2,0,الدفع عند الاستلام,عائد,5
ORD-11183,2025-09-30,أبها,إلكترونيات,لوحة مفاتيح,129,2,0.1,الدفع عند الاستلام,جديد,5
ORD-11184,2025-09-30,الدمام,إلكترونيات,سماعة لاسلكية,149,2,0,بطاقة,عائد,4
ORD-11185,2025-09-30,الدمام,إلكترونيات,لوحة مفاتيح,129,1,0.05,بطاقة,جديد,3
ORD-11186,2025-09-30,الرياض,ملابس,حذاء رياضي,249,2,0,بطاقة,عائد,4
ORD-11187,2025-10-01,أبها,إلكترونيات,ساعة ذكية,399,3,0,بطاقة,جديد,
ORD-11188,2025-10-01,أبها,إلكترونيات,شاحن سريع,59,1,0.05,محفظة إلكترونية,عائد,2
ORD-11189,2025-10-01,الرياض,ملابس,جاكيت,199,2,0,بطاقة,عائد,4
ORD-11190,2025-10-01,أبها,كتب,رواية,45,1,0,بطاقة,عائد,3
ORD-11191,2025-10-02,الرياض,ملابس,حذاء رياضي,249,1,0,بطاقة,عائد,4
ORD-11192,2025-10-02,مكة,أغذية,تمر فاخر,95,2,0,بطاقة,عائد,5
ORD-11193,2025-10-02,الرياض,كتب,كتاب برمجة,120,2,0,بطاقة,عائد,2
ORD-11194,2025-10-02,جدة,أغذية,عسل سدر,180,2,0.05,الدفع عند الاستلام,عائد,4
ORD-11195,2025-10-02,مكة,ملابس,جاكيت,199,1,0,بطاقة,جديد,
ORD-11196,2025-10-02,جدة,ملابس,جاكيت,199,1,0,بطاقة,جديد,4
ORD-11197,2025-10-03,أبها,ملابس,جاكيت,199,1,0.1,بطاقة,جديد,5
ORD-11198,2025-10-03,الدمام,المنزل,وسادة طبية,119,1,0.1,الدفع عند الاستلام,جديد,
ORD-11199,2025-10-03,الرياض,ملابس,جاكيت,199,1,0,الدفع عند الاستلام,جديد,5
ORD-11200,2025-10-03,مكة,المنزل,مصباح مكتب,89,1,0.05,بطاقة,جديد,5
ORD-11201,2025-10-03,الرياض,ملابس,جاكيت,199,1,0,بطاقة,جديد,5
ORD-11202,2025-10-03,الدمام,إلكترونيات,لوحة مفاتيح,129,1,0.05,بطاقة,جديد,1
ORD-11203,2025-10-04,الرياض,ملابس,قميص قطني,79,1,0,بطاقة,جديد,4
ORD-11204,2025-10-04,الدمام,إلكترونيات,لوحة مفاتيح,129,1,0,الدفع عند الاستلام,جديد,4
ORD-11205,2025-10-04,جدة,كتب,رواية,45,1,0,محفظة إلكترونية,عائد,4
ORD-11206,2025-10-04,الدمام,أغذية,عسل سدر,180,1,0,الدفع عند الاستلام,جديد,4
ORD-11207,2025-10-04,الرياض,أغذية,قهوة مختصة,65,2,0.1,محفظة إلكترونية,عائد,5
ORD-11208,2025-10-04,الرياض,أغذية,عسل سدر,180,2,0,الدفع عند الاستلام,جديد,4
ORD-11209,2025-10-05,جدة,كتب,كتاب برمجة,120,1,0.2,محفظة إلكترونية,عائد,2
ORD-11210,2025-10-05,جدة,أغذية,عسل سدر,180,1,0,بطاقة,جديد,5
ORD-11211,2025-10-06,الرياض,أغذية,قهوة مختصة,65,1,0,بطاقة,جديد,4
ORD-11212,2025-10-06,مكة,إلكترونيات,سماعة لاسلكية,149,2,0,محفظة إلكترونية,جديد,
ORD-11213,2025-10-06,الدمام,المنزل,وسادة طبية,119,1,0.1,بطاقة,عائد,3
ORD-11214,2025-10-06,الدمام,كتب,كتاب برمجة,120,3,0.1,بطاقة,جديد,5
ORD-11215,2025-10-06,جدة,المنزل,مصباح مكتب,89,1,0,بطاقة,عائد,3
ORD-11216,2025-10-06,الرياض,ملابس,حذاء رياضي,249,1,0,محفظة إلكترونية,عائد,3
ORD-11217,2025-10-07,الرياض,كتب,رواية,45,1,0,الدفع عند الاستلام,جديد,3
ORD-11218,2025-10-07,الرياض,إلكترونيات,سماعة لاسلكية,149,2,0,بطاقة,عائد,2
ORD-11219,2025-10-07,مكة,إلكترونيات,ساعة ذكية,399,2,0.05,بطاقة,جديد,
ORD-11220,2025-10-07,الرياض,أغذية,تمر فاخر,95,1,0.1,بطاقة,عائد,
ORD-11221,2025-10-08,الرياض,ملابس,قميص قطني,79,2,0,بطاقة,جديد,2
ORD-11222,2025-10-08,جدة,أغذية,تمر فاخر,95,2,0.1,بطاقة,عائد,
ORD-11223,2025-10-08,جدة,المنزل,طقم أواني,299,1,0,تحويل بنكي,عائد,5
ORD-11224,2025-10-09,جدة,إلكترونيات,لوحة مفاتيح,129,1,0,بطاقة,عائد,4
ORD-11225,2025-10-09,المدينة,كتب,رواية,45,2,0,بطاقة,جديد,3
ORD-11226,2025-10-09,المدينة,إلكترونيات,سماعة لاسلكية,149,1,0,بطاقة,عائد,5
ORD-11227,2025-10-09,جدة,المنزل,مصباح مكتب,89,1,0,تحويل بنكي,جديد,
ORD-11228,2025-10-09,مكة,ملابس,جاكيت,199,1,0.1,بطاقة,عائد,1
ORD-11229,2025-10-10,جدة,المنزل,مصباح مكتب,89,1,0,محفظة إلكترونية,عائد,5
ORD-11230,2025-10-10,أبها,أغذية,تمر فاخر,95,2,0,بطاقة,عائد,1
ORD-11231,2025-10-10,الدمام,أغذية,عسل سدر,180,4,0,محفظة إلكترونية,جديد,2
ORD-11232,2025-10-10,جدة,إلكترونيات,شاحن سريع,59,1,0,بطاقة,عائد,5
ORD-11233,2025-10-10,مكة,إلكترونيات,ساعة ذكية,399,1,0,محفظة إلكترونية,جديد,4
ORD-11234,2025-10-10,الرياض,إلكترونيات,سماعة لاسلكية,149,1,0,تحويل بنكي,جديد,2
ORD-11235,2025-10-10,أبها,أغذية,قهوة مختصة,65,2,0.1,بطاقة,جديد,5
ORD-11236,2025-10-11,المدينة,المنزل,وسادة طبية,119,4,0,بطاقة,جديد,5
ORD-11237,2025-10-11,الدمام,المنزل,طقم أواني,299,2,0,محفظة إلكترونية,جديد,
ORD-11238,2025-10-11,الرياض,المنزل,مصباح مكتب,89,1,0,بطاقة,عائد,1
ORD-11239,2025-10-12,المدينة,ملابس,حذاء رياضي,249,1,0,تحويل بنكي,عائد,
ORD-11240,2025-10-12,أبها,ملابس,جاكيت,199,1,0,محفظة إلكترونية,عائد,5
ORD-11241,2025-10-12,الدمام,أغذية,قهوة مختصة,65,1,0,محفظة إلكترونية,عائد,3
ORD-11242,2025-10-12,جدة,أغذية,تمر فاخر,95,2,0.2,بطاقة,جديد,5
ORD-11243,2025-10-13,الرياض,أغذية,تمر فاخر,95,2,0.1,بطاقة,عائد,1
ORD-11244,2025-10-13,المدينة,ملابس,جاكيت,199,2,0.1,الدفع عند الاستلام,عائد,5
ORD-11245,2025-10-13,مكة,أغذية,قهوة مختصة,65,1,0,محفظة إلكترونية,عائد,5
ORD-11246,2025-10-13,أبها,ملابس,قميص قطني,79,2,0,بطاقة,عائد,4
ORD-11247,2025-10-13,الرياض,أغذية,قهوة مختصة,65,1,0,محفظة إلكترونية,عائد,2
ORD-11248,2025-10-14,مكة,إلكترونيات,سماعة لاسلكية,149,1,0,بطاقة,عائد,4
ORD-11249,2025-10-14,الرياض,إلكترونيات,شاحن سريع,59,2,0,بطاقة,جديد,4
ORD-11250,2025-10-14,الرياض,ملابس,قميص قطني,79,2,0.1,تحويل بنكي,جديد,2
ORD-11251,2025-10-14,المدينة,ملابس,حذاء رياضي,249,2,0,بطاقة,عائد,5
ORD-11252,2025-10-14,الدمام,المنزل,مصباح مكتب,89,1,0.05,بطاقة,عائد,1
ORD-11253,2025-10-15,جدة,إلكترونيات,ساعة ذكية,399,1,0.1,بطاقة,جديد,4
ORD-11254,2025-10-15,المدينة,كتب,كتاب برمجة,120,1,0,بطاقة,عائد,5
ORD-11255,2025-10-15,جدة,أغذية,قهوة مختصة,65,3,0,محفظة إلكترونية,جديد,2
ORD-11256,2025-10-15,أبها,المنزل,طقم أواني,299,2,0.1,تحويل بنكي,جديد,3
ORD-11257,2025-10-15,أبها,أغذية,قهوة مختصة,65,1,0,بطاقة,عائد,5
ORD-11258,2025-10-15,مكة,المنزل,مصباح مكتب,89,1,0.2,بطاقة,جديد,5
ORD-11259,2025-10-16,الرياض,ملابس,حذاء رياضي,249,2,0.05,بطاقة,جديد,4
ORD-11260,2025-10-16,الرياض,أغذية,قهوة مختصة,65,3,0,بطاقة,جديد,3
ORD-11261,2025-10-16,جدة,ملابس,حذاء رياضي,249,3,0.05,بطاقة,عائد,4
ORD-11262,2025-10-16,الرياض,المنزل,طقم أواني,299,1,0,بطاقة,عائد,5
ORD-11263,2025-10-16,أبها,أغذية,تمر فاخر,95,1,0,محفظة إلكترونية,عائد,4
ORD-11264,2025-10-16,أبها,ملابس,حذاء رياضي,249,1,0.1,بطاقة,عائد,4
ORD-11265,2025-10-17,جدة,إلكترونيات,سماعة لاسلكية,149,1,0,بطاقة,عائد,5
ORD-11266,2025-10-17,جدة,كتب,كتاب برمجة,120,1,0.05,تحويل بنكي,عائد,4
ORD-11267,2025-10-17,الرياض,إلكترونيات,شاحن سريع,59,2,0,الدفع عند الاستلام,جديد,4
ORD-11268,2025-10-17,الرياض,ملابس,قميص قطني,79,2,0.05,محفظة إلكترونية,جديد,4
ORD-11269,2025-10-17,الرياض,إلكترونيات,ساعة ذكية,399,2,0,بطاقة,عائد,2
ORD-11270,2025-10-18,أبها,أغذية,قهوة مختصة,65,3,0,بطاقة,جديد,
ORD-11271,2025-10-18,الرياض,إلكترونيات,سماعة لاسلكية,149,3,0,تحويل بنكي,عائد,5
ORD-11272,2025-10-19,المدينة,أغذية,تمر فاخر,95,1,0,محفظة إلكترونية,عائد,5
ORD-11273,2025-10-19,الرياض,ملابس,قميص قطني,79,3,0,الدفع عند الاستلام,عائد,5
ORD-11274,2025-10-19,مكة,كتب,رواية,45,1,0,الدفع عند الاستلام,عائد,4
ORD-11275,2025-10-19,الرياض,ملابس,جاكيت,199,1,0,بطاقة,جديد,
ORD-11276,2025-10-19,المدينة,إلكترونيات,سماعة لاسلكية,149,1,0,الدفع عند الاستلام,عائد,5
ORD-11277,2025-10-19,جدة,كتب,رواية,45,1,0,بطاقة,عائد,4
ORD-11278,2025-10-20,أبها,كتب,رواية,45,3,0,محفظة إلكترونية,عائد,
ORD-11279,2025-10-20,الرياض,أغذية,عسل سدر,180,1,0,بطاقة,جديد,4
ORD-11280,2025-10-21,جدة,إلكترونيات,سماعة لاسلكية,149,4,0,تحويل بنكي,جديد,3
ORD-11281,2025-10-21,مكة,أغذية,قهوة مختصة,65,2,0,بطاقة,عائد,4
ORD-11282,2025-10-21,الرياض,أغذية,تمر فاخر,95,2,0.1,بطاقة,عائد,2
ORD-11283,2025-10-21,الرياض,ملابس,جاكيت,199,2,0,محفظة إلكترونية,جديد,2
ORD-11284,2025-10-21,الرياض,كتب,كتاب برمجة,120,1,0.2,محفظة إلكترونية,جديد,5
ORD-11285,2025-10-22,مكة,ملابس,قميص قطني,79,2,0,الدفع عند الاستلام,جديد,4
ORD-11286,2025-10-22,جدة,إلكترونيات,ساعة ذكية,399,1,0,محفظة إلكترونية,عائد,4
ORD-11287,2025-10-22,جدة,كتب,كتاب برمجة,120,2,0,بطاقة,عائد,4
ORD-11288,2025-10-23,الرياض,أغذية,تمر فاخر,95,1,0.05,الدفع عند الاستلام,عائد,5
ORD-11289,2025-10-23,جدة,كتب,رواية,45,3,0,الدفع عند الاستلام,جديد,4
ORD-11290,2025-10-23,الرياض,إلكترونيات,لوحة مفاتيح,129,1,0.05,محفظة إلكترونية,جديد,5
ORD-11291,2025-10-23,الدمام,ملابس,حذاء رياضي,249,1,0,بطاقة,جديد,5
ORD-11292,2025-10-23,الرياض,المنزل,وسادة طبية,119,1,0.1,الدفع عند الاستلام,عائد,5
ORD-11293,2025-10-23,جدة,كتب,رواية,45,1,0,تحويل بنكي,عائد,
ORD-11294,2025-10-24,الرياض,أغذية,تمر فاخر,95,2,0,الدفع عند الاستلام,عائد,5
ORD-11295,2025-10-24,الرياض,إلكترونيات,ساعة ذكية,399,2,0.2,الدفع عند الاستلام,جديد,5
ORD-11296,2025-10-24,الدمام,أغذية,تمر فاخر,95,1,0,تحويل بنكي,عائد,5
ORD-11297,2025-10-24,الرياض,أغذية,عسل سدر,180,1,0,تحويل بنكي,عائد,4
ORD-11298,2025-10-24,جدة,ملابس,جاكيت,199,1,0,محفظة إلكترونية,عائد,4
ORD-11299,2025-10-25,المدينة,أغذية,تمر فاخر,95,2,0,محفظة إلكترونية,جديد,3
ORD-11300,2025-10-25,أبها,إلكترونيات,سماعة لاسلكية,149,2,0,الدفع عند الاستلام,عائد,4
ORD-11301,2025-10-25,الرياض,كتب,كتاب برمجة,120,2,0,بطاقة,عائد,2
ORD-11302,2025-10-26,الرياض,إلكترونيات,شاحن سريع,59,2,0,محفظة إلكترونية,جديد,3
ORD-11303,2025-10-26,الرياض,ملابس,قميص قطني,79,1,0,بطاقة,عائد,5
ORD-11304,2025-10-26,الرياض,ملابس,قميص قطني,79,1,0,بطاقة,عائد,3
ORD-11305,2025-10-26,الرياض,المنزل,وسادة طبية,119,2,0,الدفع عند الاستلام,جديد,4
ORD-11306,2025-10-26,الرياض,إلكترونيات,لوحة مفاتيح,129,3,0,محفظة إلكترونية,جديد,
ORD-11307,2025-10-27,الرياض,إلكترونيات,لوحة مفاتيح,129,3,0,محفظة إلكترونية,جديد,5
ORD-11308,2025-10-27,جدة,ملابس,حذاء رياضي,249,1,0.05,الدفع عند الاستلام,جديد,4
ORD-11309,2025-10-27,المدينة,كتب,رواية,45,1,0.1,بطاقة,عائد,
ORD-11310,2025-10-27,المدينة,ملابس,حذاء رياضي,249,1,0.1,بطاقة,عائد,
ORD-11311,2025-10-27,الرياض,ملابس,حذاء رياضي,249,2,0,محفظة إلكترونية,عائد,4
ORD-11312,2025-10-28,الرياض,ملابس,حذاء رياضي,249,1,0,بطاقة,جديد,4
ORD-11313,2025-10-29,المدينة,كتب,رواية,45,2,0.05,محفظة إلكترونية,عائد,2
ORD-11314,2025-10-29,جدة,ملابس,حذاء رياضي,249,1,0.05,بطاقة,جديد,5
ORD-11315,2025-10-29,جدة,كتب,رواية,45,1,0,تحويل بنكي,عائد,4
ORD-11316,2025-10-29,الدمام,إلكترونيات,لوحة مفاتيح,129,2,0,تحويل بنكي,جديد,5
ORD-11317,2025-10-30,مكة,المنزل,مصباح مكتب,89,1,0.05,محفظة إلكترونية,جديد,4
ORD-11318,2025-10-30,الرياض,أغذية,تمر فاخر,95,2,0.1,الدفع عند الاستلام,جديد,5
ORD-11319,2025-10-30,جدة,أغذية,قهوة مختصة,65,2,0,محفظة إلكترونية,جديد,3
ORD-11320,2025-10-30,الدمام,المنزل,وسادة طبية,119,1,0.1,الدفع عند الاستلام,جديد,2
ORD-11321,2025-10-30,الرياض,ملابس,جاكيت,199,3,0,بطاقة,عائد,5
ORD-11322,2025-10-30,جدة,إلكترونيات,لوحة مفاتيح,129,2,0,تحويل بنكي,عائد,5
ORD-11323,2025-10-30,الرياض,إلكترونيات,لوحة مفاتيح,129,1,0.2,بطاقة,عائد,4
ORD-11324,2025-10-30,المدينة,كتب,رواية,45,1,0.05,بطاقة,جديد,
ORD-11325,2025-10-31,أبها,المنزل,وسادة طبية,119,1,0,الدفع عند الاستلام,عائد,4
ORD-11326,2025-10-31,المدينة,المنزل,مصباح مكتب,89,1,0.05,بطاقة,جديد,3
ORD-11327,2025-10-31,مكة,ملابس,حذاء رياضي,249,1,0.1,بطاقة,عائد,3
ORD-11328,2025-10-31,الدمام,المنزل,وسادة طبية,119,1,0,محفظة إلكترونية,عائد,5
ORD-11329,2025-10-31,الدمام,إلكترونيات,سماعة لاسلكية,149,1,0,بطاقة,جديد,4
ORD-11330,2025-10-31,الرياض,أغذية,تمر فاخر,95,3,0,بطاقة,جديد,5
ORD-11331,2025-10-31,الرياض,إلكترونيات,لوحة مفاتيح,129,3,0,محفظة إلكترونية,عائد,5
ORD-11332,2025-10-31,الدمام,المنزل,مصباح مكتب,89,1,0,بطاقة,جديد,5
ORD-11333,2025-10-31,جدة,المنزل,مصباح مكتب,89,1,0,بطاقة,عائد,5
ORD-11334,2025-10-31,مكة,ملابس,جاكيت,199,1,0,بطاقة,جديد,5
ORD-11335,2025-11-01,أبها,المنزل,مصباح مكتب,89,1,0.1,الدفع عند الاستلام,جديد,4
ORD-11336,2025-11-01,مكة,إلكترونيات,سماعة لاسلكية,149,2,0,تحويل بنكي,عائد,4
ORD-11337,2025-11-01,الرياض,إلكترونيات,لوحة مفاتيح,129,1,0.05,محفظة إلكترونية,جديد,5
ORD-11338,2025-11-01,جدة,ملابس,حذاء رياضي,249,1,0,الدفع عند الاستلام,جديد,3
ORD-11339,2025-11-01,الرياض,أغذية,تمر فاخر,95,2,0,بطاقة,عائد,5
ORD-11340,2025-11-01,جدة,أغذية,عسل سدر,180,5,0.05,محفظة إلكترونية,جديد,4
ORD-11341,2025-11-02,مكة,كتب,كتاب برمجة,120,2,0.05,محفظة إلكترونية,عائد,4
ORD-11342,2025-11-02,جدة,إلكترونيات,لوحة مفاتيح,129,1,0.05,بطاقة,جديد,5
ORD-11343,2025-11-02,الرياض,أغذية,عسل سدر,180,3,0.1,بطاقة,عائد,
ORD-11344,2025-11-02,الرياض,ملابس,حذاء رياضي,249,1,0.05,الدفع عند الاستلام,عائد,3
ORD-11345,2025-11-02,الرياض,ملابس,حذاء رياضي,249,2,0.05,تحويل بنكي,جديد,5
ORD-11346,2025-11-02,جدة,إلكترونيات,ساعة ذكية,399,2,0.05,تحويل بنكي,عائد,
ORD-11347,2025-11-02,جدة,كتب,كتاب برمجة,120,3,0,تحويل بنكي,عائد,4
ORD-11348,2025-11-02,مكة,المنزل,طقم أواني,299,1,0.1,تحويل بنكي,جديد,
ORD-11349,2025-11-03,الرياض,أغذية,تمر فاخر,95,3,0.1,محفظة إلكترونية,جديد,4
ORD-11350,2025-11-03,الرياض,المنزل,طقم أواني,299,1,0,محفظة إلكترونية,عائد,
ORD-11351,2025-11-03,أبها,أغذية,قهوة مختصة,65,2,0,بطاقة,عائد,5
ORD-11352,2025-11-03,المدينة,إلكترونيات,شاحن سريع,59,3,0.05,تحويل بنكي,عائد,3
ORD-11353,2025-11-03,أبها,إلكترونيات,سماعة لاسلكية,149,1,0.05,بطاقة,جديد,4
ORD-11354,2025-11-03,الرياض,ملابس,حذاء رياضي,249,3,0.2,بطاقة,جديد,4
ORD-11355,2025-11-03,الرياض,إلكترونيات,سماعة لاسلكية,149,2,0.1,محفظة إلكترونية,عائد,5
ORD-11356,2025-11-04,أبها,ملابس,حذاء رياضي,249,1,0.05,الدفع عند الاستلام,عائد,5
ORD-11357,2025-11-04,مكة,كتب,كتاب برمجة,120,2,0.1,محفظة إلكترونية,جديد,5
ORD-11358,2025-11-04,جدة,إلكترونيات,سماعة لاسلكية,149,2,0.1,بطاقة,عائد,5
ORD-11359,2025-11-04,الرياض,إلكترونيات,ساعة ذكية,399,2,0,تحويل بنكي,جديد,5
ORD-11360,2025-11-04,الرياض,إلكترونيات,شاحن سريع,59,4,0.1,بطاقة,جديد,5
ORD-11361,2025-11-04,المدينة,أغذية,تمر فاخر,95,4,0.05,بطاقة,جديد,1
ORD-11362,2025-11-04,الرياض,إلكترونيات,لوحة مفاتيح,129,3,0.1,الدفع عند الاستلام,عائد,1
ORD-11363,2025-11-05,المدينة,المنزل,مصباح مكتب,89,3,0.2,محفظة إلكترونية,جديد,5
ORD-11364,2025-11-05,الرياض,إلكترونيات,سماعة لاسلكية,149,1,0.05,محفظة إلكترونية,جديد,3
ORD-11365,2025-11-05,الرياض,أغذية,عسل سدر,180,1,0.1,بطاقة,جديد,5
ORD-11366,2025-11-05,المدينة,إلكترونيات,ساعة ذكية,399,1,0,الدفع عند الاستلام,عائد,2
ORD-11367,2025-11-05,مكة,ملابس,حذاء رياضي,249,1,0,محفظة إلكترونية,جديد,5
ORD-11368,2025-11-05,الرياض,ملابس,قميص قطني,79,2,0.2,تحويل بنكي,عائد,5
ORD-11369,2025-11-06,الدمام,ملابس,جاكيت,199,4,0,الدفع عند الاستلام,جديد,5
ORD-11370,2025-11-06,المدينة,المنزل,مصباح مكتب,89,2,0.1,بطاقة,عائد,5
ORD-11371,2025-11-06,الرياض,كتب,رواية,45,2,0,بطاقة,عائد,1
ORD-11372,2025-11-06,الرياض,أغذية,قهوة مختصة,65,1,0,محفظة إلكترونية,جديد,3
ORD-11373,2025-11-06,مكة,إلكترونيات,ساعة ذكية,399,1,0.2,بطاقة,جديد,5
ORD-11374,2025-11-06,الدمام,أغذية,عسل سدر,180,2,0.05,محفظة إلكترونية,جديد,5
ORD-11375,2025-11-06,الرياض,أغذية,قهوة مختصة,65,3,0,بطاقة,جديد,4
ORD-11376,2025-11-07,جدة,كتب,كتاب برمجة,120,2,0.1,بطاقة,عائد,5
ORD-11377,2025-11-07,جدة,ملابس,حذاء رياضي,249,1,0.2,تحويل بنكي,جديد,4
ORD-11378,2025-11-07,أبها,إلكترونيات,شاحن سريع,59,1,0,الدفع عند الاستلام,عائد,3
ORD-11379,2025-11-07,الرياض,ملابس,جاكيت,199,1,0.2,محفظة إلكترونية,جديد,5
ORD-11380,2025-11-07,مكة,أغذية,عسل سدر,180,4,0.2,محفظة إلكترونية,جديد,5
ORD-11381,2025-11-07,جدة,المنزل,مصباح مكتب,89,1,0,محفظة إلكترونية,عائد,4
ORD-11382,2025-11-07,الدمام,إلكترونيات,سماعة لاسلكية,149,1,0.05,بطاقة,عائد,3
ORD-11383,2025-11-07,جدة,إلكترونيات,لوحة مفاتيح,129,2,0.2,بطاقة,عائد,3
ORD-11384,2025-11-07,الدمام,المنزل,طقم أواني,299,1,0.1,بطاقة,جديد,3
ORD-11385,2025-11-08,الرياض,إلكترونيات,شاحن سريع,59,2,0.05,بطاقة,جديد,5
ORD-11386,2025-11-08,الرياض,إلكترونيات,ساعة ذكية,399,1,0,محفظة إلكترونية,عائد,5
ORD-11387,2025-11-08,جدة,إلكترونيات,سماعة لاسلكية,149,1,0.05,تحويل بنكي,عائد,4
ORD-11388,2025-11-08,مكة,ملابس,جاكيت,199,3,0,تحويل بنكي,جديد,5
ORD-11389,2025-11-08,أبها,ملابس,حذاء رياضي,249,1,0.2,تحويل بنكي,جديد,3
ORD-11390,2025-11-08,الدمام,ملابس,حذاء رياضي,249,1,0,بطاقة,عائد,1
ORD-11391,2025-11-08,أبها,كتب,كتاب برمجة,120,1,0.05,بطاقة,عائد,
ORD-11392,2025-11-09,أبها,أغذية,تمر فاخر,95,2,0.1,بطاقة,عائد,5
ORD-11393,2025-11-09,الرياض,أغذية,قهوة مختصة,65,1,0,محفظة إلكترونية,عائد,5
ORD-11394,2025-11-09,الرياض,إلكترونيات,سماعة لاسلكية,149,4,0,محفظة إلكترونية,عائد,
ORD-11395,2025-11-09,جدة,أغذية,تمر فاخر,95,1,0.2,الدفع عند الاستلام,عائد,5
ORD-11396,2025-11-09,الرياض,أغذية,عسل سدر,180,1,0.05,بطاقة,جديد,
ORD-11397,2025-11-10,المدينة,إلكترونيات,شاحن سريع,59,3,0,محفظة إلكترونية,جديد,5
ORD-11398,2025-11-10,أبها,إلكترونيات,لوحة مفاتيح,129,3,0.05,محفظة إلكترونية,جديد,5
ORD-11399,2025-11-10,جدة,ملابس,جاكيت,199,2,0.1,محفظة إلكترونية,عائد,5
ORD-11400,2025-11-10,أبها,إلكترونيات,ساعة ذكية,399,2,0.2,الدفع عند الاستلام,عائد,4
ORD-11401,2025-11-10,أبها,كتب,كتاب برمجة,120,1,0.2,محفظة إلكترونية,جديد,3
ORD-11402,2025-11-11,المدينة,إلكترونيات,لوحة مفاتيح,129,2,0,تحويل بنكي,جديد,5
ORD-11403,2025-11-11,الرياض,ملابس,قميص قطني,79,4,0.1,محفظة إلكترونية,جديد,4
ORD-11404,2025-11-11,أبها,ملابس,قميص قطني,79,1,0,محفظة إلكترونية,جديد,5
ORD-11405,2025-11-11,جدة,إلكترونيات,ساعة ذكية,399,2,0.05,محفظة إلكترونية,عائد,3
ORD-11406,2025-11-11,جدة,إلكترونيات,سماعة لاسلكية,149,1,0.05,الدفع عند الاستلام,جديد,4
ORD-11407,2025-11-11,الرياض,المنزل,وسادة طبية,119,2,0.1,بطاقة,جديد,1
ORD-11408,2025-11-12,جدة,كتب,كتاب برمجة,120,1,0.2,تحويل بنكي,جديد,5
ORD-11409,2025-11-12,المدينة,إلكترونيات,ساعة ذكية,399,2,0.2,تحويل بنكي,جديد,5
ORD-11410,2025-11-12,الدمام,المنزل,مصباح مكتب,89,1,0.05,تحويل بنكي,عائد,4
ORD-11411,2025-11-12,جدة,إلكترونيات,شاحن سريع,59,4,0.2,بطاقة,عائد,3
ORD-11412,2025-11-12,جدة,المنزل,طقم أواني,299,1,0.05,بطاقة,عائد,5
ORD-11413,2025-11-13,الرياض,إلكترونيات,لوحة مفاتيح,129,1,0.1,الدفع عند الاستلام,جديد,5
ORD-11414,2025-11-13,جدة,ملابس,قميص قطني,79,1,0.1,محفظة إلكترونية,عائد,
ORD-11415,2025-11-13,مكة,إلكترونيات,شاحن سريع,59,3,0.2,تحويل بنكي,جديد,2
ORD-11416,2025-11-13,مكة,إلكترونيات,شاحن سريع,59,1,0.1,محفظة إلكترونية,جديد,5
ORD-11417,2025-11-13,الرياض,أغذية,تمر فاخر,95,2,0.05,بطاقة,جديد,5
ORD-11418,2025-11-13,جدة,أغذية,قهوة مختصة,65,1,0.1,بطاقة,جديد,4
ORD-11419,2025-11-13,جدة,إلكترونيات,لوحة مفاتيح,129,2,0.05,محفظة إلكترونية,عائد,3
ORD-11420,2025-11-13,الرياض,إلكترونيات,شاحن سريع,59,1,0,محفظة إلكترونية,جديد,4
ORD-11421,2025-11-14,مكة,ملابس,حذاء رياضي,249,2,0,بطاقة,عائد,2
ORD-11422,2025-11-14,الرياض,إلكترونيات,شاحن سريع,59,4,0.1,بطاقة,جديد,4
ORD-11423,2025-11-14,جدة,إلكترونيات,سماعة لاسلكية,149,3,0.05,محفظة إلكترونية,عائد,1
ORD-11424,2025-11-14,المدينة,إلكترونيات,سماعة لاسلكية,149,2,0.2,بطاقة,جديد,5
ORD-11425,2025-11-14,أبها,المنزل,مصباح مكتب,89,1,0.1,بطاقة,جديد,5
ORD-11426,2025-11-14,المدينة,أغذية,قهوة مختصة,65,2,0,بطاقة,عائد,4
ORD-11427,2025-11-14,المدينة,إلكترونيات,لوحة مفاتيح,129,3,0.1,محفظة إلكترونية,عائد,4
ORD-11428,2025-11-14,الدمام,إلكترونيات,لوحة مفاتيح,129,1,0.1,بطاقة,عائد,5
ORD-11429,2025-11-14,المدينة,أغذية,عسل سدر,180,2,0,بطاقة,عائد,5
ORD-11430,2025-11-15,الدمام,إلكترونيات,شاحن سريع,59,1,0.05,الدفع عند الاستلام,عائد,2
ORD-11431,2025-11-15,الرياض,المنزل,وسادة طبية,119,1,0.1,محفظة إلكترونية,جديد,2
ORD-11432,2025-11-15,الرياض,أغذية,عسل سدر,180,2,0.1,محفظة إلكترونية,جديد,4
ORD-11433,2025-11-15,جدة,إلكترونيات,سماعة لاسلكية,149,2,0,الدفع عند الاستلام,عائد,3
ORD-11434,2025-11-15,أبها,المنزل,طقم أواني,299,1,0.05,الدفع عند الاستلام,جديد,5
ORD-11435,2025-11-16,الدمام,أغذية,تمر فاخر,95,1,0.1,تحويل بنكي,عائد,5
ORD-11436,2025-11-16,جدة,كتب,كتاب برمجة,120,3,0,بطاقة,جديد,
ORD-11437,2025-11-16,الرياض,إلكترونيات,لوحة مفاتيح,129,1,0.2,الدفع عند الاستلام,جديد,5
ORD-11438,2025-11-16,مكة,إلكترونيات,شاحن سريع,59,3,0.05,بطاقة,عائد,5
ORD-11439,2025-11-16,المدينة,إلكترونيات,لوحة مفاتيح,129,1,0,محفظة إلكترونية,جديد,5
ORD-11440,2025-11-16,الرياض,إلكترونيات,شاحن سريع,59,1,0.1,الدفع عند الاستلام,جديد,4
ORD-11441,2025-11-17,الرياض,إلكترونيات,لوحة مفاتيح,129,2,0.05,بطاقة,جديد,4
ORD-11442,2025-11-17,مكة,المنزل,مصباح مكتب,89,1,0,محفظة إلكترونية,عائد,2
ORD-11443,2025-11-17,مكة,أغذية,تمر فاخر,95,3,0.2,بطاقة,جديد,5
ORD-11444,2025-11-17,الرياض,المنزل,طقم أواني,299,3,0,محفظة إلكترونية,عائد,1
ORD-11445,2025-11-17,الرياض,كتب,كتاب برمجة,120,3,0.1,محفظة إلكترونية,جديد,4
ORD-11446,2025-11-17,مكة,المنزل,وسادة طبية,119,1,0.1,بطاقة,جديد,5
ORD-11447,2025-11-17,جدة,أغذية,قهوة مختصة,65,2,0.1,محفظة إلكترونية,عائد,5
ORD-11448,2025-11-17,مكة,المنزل,مصباح مكتب,89,2,0.05,بطاقة,جديد,1
ORD-11449,2025-11-18,جدة,إلكترونيات,لوحة مفاتيح,129,1,0.1,الدفع عند الاستلام,عائد,5
ORD-11450,2025-11-18,الدمام,ملابس,جاكيت,199,1,0,تحويل بنكي,جديد,5
ORD-11451,2025-11-18,مكة,إلكترونيات,ساعة ذكية,399,2,0.2,بطاقة,عائد,5
ORD-11452,2025-11-18,المدينة,إلكترونيات,شاحن سريع,59,4,0,الدفع عند الاستلام,جديد,5
ORD-11453,2025-11-18,الرياض,إلكترونيات,سماعة لاسلكية,149,1,0.1,الدفع عند الاستلام,جديد,5
ORD-11454,2025-11-19,جدة,أغذية,قهوة مختصة,65,3,0.1,محفظة إلكترونية,جديد,5
ORD-11455,2025-11-19,الرياض,ملابس,جاكيت,199,1,0,الدفع عند الاستلام,عائد,
ORD-11456,2025-11-19,الرياض,ملابس,جاكيت,199,1,0,محفظة إلكترونية,عائد,4
ORD-11457,2025-11-19,المدينة,أغذية,قهوة مختصة,65,1,0,بطاقة,عائد,4
ORD-11458,2025-11-19,الرياض,إلكترونيات,سماعة لاسلكية,149,3,0,الدفع عند الاستلام,عائد,4
ORD-11459,2025-11-19,مكة,إلكترونيات,ساعة ذكية,399,2,0.1,تحويل بنكي,عائد,
ORD-11460,2025-11-20,جدة,أغذية,عسل سدر,180,3,0.05,بطاقة,جديد,3
ORD-11461,2025-11-20,الدمام,أغذية,عسل سدر,180,2,0,بطاقة,عائد,4
ORD-11462,2025-11-20,الرياض,إلكترونيات,لوحة مفاتيح,129,1,0,الدفع عند الاستلام,جديد,5
ORD-11463,2025-11-20,الرياض,أغذية,عسل سدر,180,3,0,بطاقة,جديد,5
ORD-11464,2025-11-20,مكة,إلكترونيات,سماعة لاسلكية,149,2,0.2,الدفع عند الاستلام,عائد,5
ORD-11465,2025-11-20,جدة,إلكترونيات,لوحة مفاتيح,129,2,0.05,الدفع عند الاستلام,جديد,3
ORD-11466,2025-11-20,الرياض,ملابس,جاكيت,199,1,0,الدفع عند الاستلام,عائد,5
ORD-11467,2025-11-20,الرياض,أغذية,عسل سدر,180,2,0.1,بطاقة,جديد,
ORD-11468,2025-11-21,أبها,ملابس,جاكيت,199,1,0.2,بطاقة,عائد,5
ORD-11469,2025-11-21,مكة,ملابس,قميص قطني,79,1,0.05,بطاقة,عائد,5
ORD-11470,2025-11-21,الرياض,إلكترونيات,لوحة مفاتيح,129,1,0.1,بطاقة,جديد,5
ORD-11471,2025-11-21,الدمام,إلكترونيات,ساعة ذكية,399,2,0.05,محفظة إلكترونية,جديد,5
ORD-11472,2025-11-21,الرياض,أغذية,تمر فاخر,95,2,0.1,تحويل بنكي,عائد,3
ORD-11473,2025-11-21,أبها,ملابس,قميص قطني,79,2,0.05,بطاقة,عائد,3
ORD-11474,2025-11-21,الرياض,كتب,رواية,45,1,0,بطاقة,عائد,2
ORD-11475,2025-11-21,مكة,المنزل,وسادة طبية,119,1,0.2,بطاقة,عائد,4
ORD-11476,2025-11-22,الرياض,أغذية,قهوة مختصة,65,3,0.1,بطاقة,عائد,4
ORD-11477,2025-11-22,الرياض,كتب,كتاب برمجة,120,2,0,محفظة إلكترونية,جديد,3
ORD-11478,2025-11-22,الرياض,المنزل,وسادة طبية,119,3,0.2,بطاقة,جديد,2
ORD-11479,2025-11-22,الرياض,إلكترونيات,ساعة ذكية,399,2,0.1,تحويل بنكي,عائد,4
ORD-11480,2025-11-22,مكة,كتب,رواية,45,1,0.2,محفظة إلكترونية,جديد,3
ORD-11481,2025-11-22,جدة,كتب,رواية,45,1,0.1,محفظة إلكترونية,جديد,5
ORD-11482,2025-11-22,الرياض,إلكترونيات,لوحة مفاتيح,129,2,0.2,تحويل بنكي,جديد,4
ORD-11483,2025-11-23,جدة,كتب,كتاب برمجة,120,1,0.1,بطاقة,عائد,5
ORD-11484,2025-11-23,الرياض,المنزل,وسادة طبية,119,2,0,محفظة إلكترونية,جديد,4
ORD-11485,2025-11-23,الرياض,إلكترونيات,شاحن سريع,59,1,0.05,الدفع عند الاستلام,جديد,5
ORD-11486,2025-11-23,الرياض,المنزل,وسادة طبية,119,1,0,الدفع عند الاستلام,جديد,4
ORD-11487,2025-11-23,الدمام,كتب,كتاب برمجة,120,1,0.05,محفظة إلكترونية,جديد,5
ORD-11488,2025-11-23,جدة,كتب,كتاب برمجة,120,1,0,بطاقة,جديد,2
ORD-11489,2025-11-23,الرياض,إلكترونيات,لوحة مفاتيح,129,4,0,بطاقة,جديد,5
ORD-11490,2025-11-24,الرياض,إلكترونيات,لوحة مفاتيح,129,2,0,الدفع عند الاستلام,عائد,2
ORD-11491,2025-11-24,أبها,إلكترونيات,شاحن سريع,59,1,0.05,بطاقة,جديد,5
ORD-11492,2025-11-24,جدة,المنزل,وسادة طبية,119,1,0,الدفع عند الاستلام,عائد,4
ORD-11493,2025-11-24,الرياض,كتب,رواية,45,1,0.1,تحويل بنكي,جديد,5
ORD-11494,2025-11-24,الدمام,المنزل,مصباح مكتب,89,1,0,تحويل بنكي,عائد,2
ORD-11495,2025-11-24,المدينة,إلكترونيات,سماعة لاسلكية,149,1,0.05,الدفع عند الاستلام,عائد,5
ORD-11496,2025-11-24,الرياض,إلكترونيات,لوحة مفاتيح,129,1,0.05,بطاقة,عائد,5
ORD-11497,2025-11-24,جدة,إلكترونيات,ساعة ذكية,399,3,0.1,بطاقة,عائد,4
ORD-11498,2025-11-24,أبها,المنزل,مصباح مكتب,89,1,0.1,بطاقة,عائد,4
ORD-11499,2025-11-25,المدينة,أغذية,تمر فاخر,95,2,0,الدفع عند الاستلام,عائد,4
ORD-11500,2025-11-25,جدة,كتب,رواية,45,1,0.05,بطاقة,جديد,4
ORD-11501,2025-11-25,الدمام,إلكترونيات,سماعة لاسلكية,149,2,0.2,محفظة إلكترونية,عائد,3
ORD-11502,2025-11-25,الرياض,ملابس,قميص قطني,79,2,0.1,محفظة إلكترونية,عائد,3
ORD-11503,2025-11-25,أبها,كتب,كتاب برمجة,120,1,0.1,محفظة إلكترونية,عائد,5
ORD-11504,2025-11-25,مكة,إلكترونيات,ساعة ذكية,399,1,0,الدفع عند الاستلام,عائد,5
ORD-11505,2025-11-25,الرياض,أغذية,عسل سدر,180,1,0.1,بطاقة,جديد,2
ORD-11506,2025-11-25,الرياض,إلكترونيات,ساعة ذكية,399,3,0.2,بطاقة,جديد,4
ORD-11507,2025-11-25,المدينة,ملابس,حذاء رياضي,249,2,0.1,بطاقة,جديد,5
ORD-11508,2025-11-26,جدة,إلكترونيات,لوحة مفاتيح,129,2,0,تحويل بنكي,عائد,4
ORD-11509,2025-11-26,جدة,ملابس,حذاء رياضي,249,2,0,بطاقة,جديد,3
ORD-11510,2025-11-26,جدة,المنزل,مصباح مكتب,89,1,0.1,محفظة إلكترونية,جديد,4
ORD-11511,2025-11-26,الرياض,إلكترونيات,لوحة مفاتيح,129,2,0.2,بطاقة,جديد,3
ORD-11512,2025-11-26,الدمام,إلكترونيات,سماعة لاسلكية,149,1,0.1,محفظة إلكترونية,جديد,3
ORD-11513,2025-11-26,المدينة,أغذية,تمر فاخر,95,2,0.05,محفظة إلكترونية,عائد,3
ORD-11514,2025-11-27,جدة,ملابس,حذاء رياضي,249,1,0,الدفع عند الاستلام,جديد,4
ORD-11515,2025-11-27,الدمام,إلكترونيات,لوحة مفاتيح,129,2,0.05,محفظة إلكترونية,عائد,4
ORD-11516,2025-11-27,الدمام,إلكترونيات,سماعة لاسلكية,149,2,0,تحويل بنكي,عائد,5
ORD-11517,2025-11-27,جدة,المنزل,طقم أواني,299,1,0.05,الدفع عند الاستلام,عائد,5
ORD-11518,2025-11-27,الرياض,إلكترونيات,شاحن سريع,59,2,0,بطاقة,عائد,5
ORD-11519,2025-11-27,الرياض,إلكترونيات,لوحة مفاتيح,129,1,0,بطاقة,جديد,4
ORD-11520,2025-11-27,جدة,إلكترونيات,لوحة مفاتيح,129,1,0.2,بطاقة,عائد,5
ORD-11521,2025-11-27,جدة,أغذية,تمر فاخر,95,4,0.2,محفظة إلكترونية,عائد,
ORD-11522,2025-11-28,الدمام,ملابس,قميص قطني,79,1,0,بطاقة,عائد,
ORD-11523,2025-11-28,جدة,إلكترونيات,ساعة ذكية,399,1,0.05,بطاقة,جديد,4
ORD-11524,2025-11-28,جدة,إلكترونيات,شاحن سريع,59,2,0.2,محفظة إلكترونية,عائد,4
ORD-11525,2025-11-28,جدة,أغذية,تمر فاخر,95,3,0,بطاقة,عائد,4
ORD-11526,2025-11-28,جدة,إلكترونيات,سماعة لاسلكية,149,2,0,الدفع عند الاستلام,جديد,5
ORD-11527,2025-11-28,أبها,ملابس,حذاء رياضي,249,3,0.1,محفظة إلكترونية,عائد,4
ORD-11528,2025-11-28,جدة,إلكترونيات,لوحة مفاتيح,129,1,0,بطاقة,جديد,1
ORD-11529,2025-11-29,مكة,إلكترونيات,ساعة ذكية,399,2,0.1,بطاقة,جديد,4
ORD-11530,2025-11-29,جدة,المنزل,طقم أواني,299,1,0.1,محفظة إلكترونية,جديد,4
ORD-11531,2025-11-29,جدة,ملابس,جاكيت,199,1,0,محفظة إلكترونية,جديد,5
ORD-11532,2025-11-29,الرياض,أغذية,تمر فاخر,95,3,0,محفظة إلكترونية,جديد,3
ORD-11533,2025-11-29,جدة,المنزل,وسادة طبية,119,1,0.1,محفظة إلكترونية,عائد,4
ORD-11534,2025-11-29,الرياض,أغذية,تمر فاخر,95,1,0.05,بطاقة,عائد,4
ORD-11535,2025-11-29,الدمام,أغذية,قهوة مختصة,65,2,0.05,محفظة إلكترونية,جديد,4
ORD-11536,2025-11-29,جدة,إلكترونيات,سماعة لاسلكية,149,2,0.2,تحويل بنكي,جديد,5
ORD-11537,2025-11-30,الدمام,إلكترونيات,ساعة ذكية,399,1,0.2,بطاقة,عائد,4
ORD-11538,2025-11-30,الدمام,المنزل,طقم أواني,299,1,0,محفظة إلكترونية,جديد,3
ORD-11539,2025-11-30,أبها,أغذية,تمر فاخر,95,2,0.1,بطاقة,جديد,4
ORD-11540,2025-11-30,أبها,ملابس,قميص قطني,79,3,0,بطاقة,عائد,5
ORD-11541,2025-11-30,الرياض,إلكترونيات,ساعة ذكية,399,1,0.1,بطاقة,جديد,4
ORD-11542,2025-11-30,جدة,إلكترونيات,ساعة ذكية,399,1,0.1,بطاقة,عائد,5
ORD-11543,2025-11-30,أبها,إلكترونيات,سماعة لاسلكية,149,2,0,بطاقة,عائد,4
ORD-11544,2025-12-01,جدة,ملابس,جاكيت,199,1,0,تحويل بنكي,عائد,
ORD-11545,2025-12-01,الدمام,المنزل,وسادة طبية,119,2,0.1,بطاقة,جديد,4
ORD-11546,2025-12-01,الرياض,إلكترونيات,لوحة مفاتيح,129,2,0.05,محفظة إلكترونية,جديد,4
ORD-11547,2025-12-01,أبها,المنزل,مصباح مكتب,89,1,0,بطاقة,عائد,5
ORD-11548,2025-12-01,أبها,أغذية,عسل سدر,180,2,0.1,محفظة إلكترونية,عائد,4
ORD-11549,2025-12-01,مكة,المنزل,مصباح مكتب,89,1,0,تحويل بنكي,عائد,3
ORD-11550,2025-12-02,الدمام,المنزل,وسادة طبية,119,2,0.05,بطاقة,جديد,3
ORD-11551,2025-12-02,الرياض,المنزل,مصباح مكتب,89,1,0.05,بطاقة,جديد,1
ORD-11552,2025-12-02,مكة,إلكترونيات,لوحة مفاتيح,129,1,0,محفظة إلكترونية,جديد,4
ORD-11553,2025-12-02,الرياض,كتب,رواية,45,1,0,بطاقة,عائد,4
ORD-11554,2025-12-03,أبها,أغذية,عسل سدر,180,2,0,الدفع عند الاستلام,عائد,2
ORD-11555,2025-12-03,الدمام,ملابس,قميص قطني,79,2,0.05,الدفع عند الاستلام,جديد,3
ORD-11556,2025-12-03,أبها,إلكترونيات,شاحن سريع,59,2,0.1,بطاقة,عائد,
ORD-11557,2025-12-03,الرياض,إلكترونيات,ساعة ذكية,399,2,0,محفظة إلكترونية,عائد,4
ORD-11558,2025-12-04,الرياض,إلكترونيات,ساعة ذكية,399,3,0,الدفع عند الاستلام,جديد,5
ORD-11559,2025-12-04,الدمام,إلكترونيات,لوحة مفاتيح,129,1,0,بطاقة,عائد,4
ORD-11560,2025-12-04,الدمام,أغذية,عسل سدر,180,1,0.1,بطاقة,جديد,5
ORD-11561,2025-12-04,جدة,أغذية,تمر فاخر,95,1,0.1,بطاقة,جديد,
ORD-11562,2025-12-04,الدمام,ملابس,قميص قطني,79,1,0.05,تحويل بنكي,عائد,4
ORD-11563,2025-12-05,الرياض,أغذية,عسل سدر,180,1,0,الدفع عند الاستلام,عائد,5
ORD-11564,2025-12-05,أبها,ملابس,قميص قطني,79,1,0,بطاقة,عائد,4
ORD-11565,2025-12-05,جدة,ملابس,جاكيت,199,1,0,محفظة إلكترونية,عائد,4
ORD-11566,2025-12-05,الرياض,إلكترونيات,ساعة ذكية,399,1,0.05,بطاقة,جديد,3
ORD-11567,2025-12-05,جدة,أغذية,قهوة مختصة,65,2,0,بطاقة,جديد,4
ORD-11568,2025-12-05,المدينة,كتب,رواية,45,1,0,الدفع عند الاستلام,عائد,5
ORD-11569,2025-12-05,مكة,ملابس,جاكيت,199,2,0.05,محفظة إلكترونية,عائد,5
ORD-11570,2025-12-06,جدة,المنزل,طقم أواني,299,1,0,بطاقة,عائد,5
ORD-11571,2025-12-06,الرياض,المنزل,مصباح مكتب,89,1,0,محفظة إلكترونية,عائد,3
ORD-11572,2025-12-06,مكة,إلكترونيات,لوحة مفاتيح,129,2,0,الدفع عند الاستلام,جديد,3
ORD-11573,2025-12-06,الرياض,أغذية,تمر فاخر,95,5,0,محفظة إلكترونية,جديد,5
ORD-11574,2025-12-07,الدمام,إلكترونيات,شاحن سريع,59,2,0.1,بطاقة,جديد,5
ORD-11575,2025-12-07,أبها,إلكترونيات,لوحة مفاتيح,129,3,0.1,محفظة إلكترونية,جديد,
ORD-11576,2025-12-07,المدينة,المنزل,طقم أواني,299,2,0.1,بطاقة,عائد,5
ORD-11577,2025-12-07,مكة,إلكترونيات,شاحن سريع,59,1,0,تحويل بنكي,عائد,4
ORD-11578,2025-12-07,أبها,كتب,كتاب برمجة,120,2,0,محفظة إلكترونية,جديد,5
ORD-11579,2025-12-08,الرياض,المنزل,طقم أواني,299,3,0,بطاقة,عائد,5
ORD-11580,2025-12-08,أبها,أغذية,قهوة مختصة,65,1,0,محفظة إلكترونية,عائد,4
ORD-11581,2025-12-08,جدة,إلكترونيات,ساعة ذكية,399,3,0.05,بطاقة,عائد,4
ORD-11582,2025-12-08,مكة,المنزل,طقم أواني,299,2,0,بطاقة,جديد,5
ORD-11583,2025-12-08,المدينة,المنزل,مصباح مكتب,89,1,0,محفظة إلكترونية,عائد,5
ORD-11584,2025-12-09,جدة,أغذية,تمر فاخر,95,2,0,الدفع عند الاستلام,جديد,4
ORD-11585,2025-12-09,الرياض,إلكترونيات,لوحة مفاتيح,129,1,0.1,بطاقة,جديد,4
ORD-11586,2025-12-09,جدة,المنزل,طقم أواني,299,1,0,بطاقة,جديد,5
ORD-11587,2025-12-09,جدة,أغذية,عسل سدر,180,2,0.05,تحويل بنكي,عائد,
ORD-11588,2025-12-09,جدة,أغذية,تمر فاخر,95,2,0,بطاقة,جديد,3
ORD-11589,2025-12-09,جدة,إلكترونيات,سماعة لاسلكية,149,2,0.05,محفظة إلكترونية,عائد,1
ORD-11590,2025-12-10,الرياض,كتب,رواية,45,2,0.05,محفظة إلكترونية,عائد,5
ORD-11591,2025-12-10,المدينة,ملابس,حذاء رياضي,249,1,0,الدفع عند الاستلام,عائد,4
ORD-11592,2025-12-10,المدينة,المنزل,طقم أواني,299,1,0,بطاقة,جديد,4
ORD-11593,2025-12-10,جدة,المنزل,طقم أواني,299,2,0,بطاقة,جديد,3
ORD-11594,2025-12-11,مكة,المنزل,وسادة طبية,119,1,0,محفظة إلكترونية,عائد,4
ORD-11595,2025-12-11,الرياض,ملابس,قميص قطني,79,2,0.2,بطاقة,جديد,2
ORD-11596,2025-12-11,الرياض,إلكترونيات,ساعة ذكية,399,1,0.2,بطاقة,جديد,3
ORD-11597,2025-12-11,أبها,إلكترونيات,سماعة لاسلكية,149,1,0.1,بطاقة,عائد,3
ORD-11598,2025-12-11,جدة,أغذية,تمر فاخر,95,2,0.05,بطاقة,عائد,4
ORD-11599,2025-12-11,مكة,كتب,كتاب برمجة,120,2,0,محفظة إلكترونية,عائد,3
ORD-11600,2025-12-12,الدمام,المنزل,مصباح مكتب,89,1,0,بطاقة,عائد,
ORD-11601,2025-12-12,الدمام,المنزل,وسادة طبية,119,1,0.05,بطاقة,جديد,4
ORD-11602,2025-12-12,مكة,إلكترونيات,لوحة مفاتيح,129,3,0,بطاقة,جديد,
ORD-11603,2025-12-12,جدة,إلكترونيات,لوحة مفاتيح,129,1,0.05,بطاقة,عائد,5
ORD-11604,2025-12-12,الرياض,ملابس,جاكيت,199,1,0,تحويل بنكي,عائد,3
ORD-11605,2025-12-12,جدة,إلكترونيات,سماعة لاسلكية,149,2,0,بطاقة,جديد,5
ORD-11606,2025-12-13,أبها,ملابس,حذاء رياضي,249,2,0.1,محفظة إلكترونية,جديد,4
ORD-11607,2025-12-13,أبها,أغذية,قهوة مختصة,65,2,0,بطاقة,عائد,4
ORD-11608,2025-12-13,مكة,أغذية,عسل سدر,180,1,0.2,محفظة إلكترونية,جديد,5
ORD-11609,2025-12-13,الرياض,المنزل,وسادة طبية,119,1,0,بطاقة,جديد,4
ORD-11610,2025-12-14,الرياض,المنزل,وسادة طبية,119,2,0.2,محفظة إلكترونية,عائد,5
ORD-11611,2025-12-14,الدمام,ملابس,قميص قطني,79,2,0,بطاقة,عائد,4
ORD-11612,2025-12-14,الرياض,إلكترونيات,شاحن سريع,59,1,0,بطاقة,عائد,5
ORD-11613,2025-12-14,الرياض,كتب,رواية,45,1,0.2,محفظة إلكترونية,جديد,
ORD-11614,2025-12-14,أبها,ملابس,حذاء رياضي,249,4,0.1,بطاقة,عائد,3
ORD-11615,2025-12-15,الرياض,أغذية,تمر فاخر,95,2,0,بطاقة,عائد,3
ORD-11616,2025-12-15,جدة,إلكترونيات,ساعة ذكية,399,1,0.2,بطاقة,جديد,5
ORD-11617,2025-12-15,أبها,المنزل,وسادة طبية,119,1,0.05,محفظة إلكترونية,عائد,4
ORD-11618,2025-12-15,جدة,ملابس,قميص قطني,79,3,0,بطاقة,عائد,4
ORD-11619,2025-12-15,الرياض,إلكترونيات,ساعة ذكية,399,1,0,الدفع عند الاستلام,جديد,5
ORD-11620,2025-12-16,مكة,إلكترونيات,لوحة مفاتيح,129,1,0.1,تحويل بنكي,عائد,5
ORD-11621,2025-12-16,جدة,إلكترونيات,ساعة ذكية,399,2,0,بطاقة,عائد,
ORD-11622,2025-12-16,مكة,إلكترونيات,ساعة ذكية,399,1,0.1,بطاقة,جديد,5
ORD-11623,2025-12-16,الرياض,ملابس,جاكيت,199,3,0,محفظة إلكترونية,جديد,3
ORD-11624,2025-12-16,الدمام,كتب,كتاب برمجة,120,2,0,بطاقة,جديد,5
ORD-11625,2025-12-17,الدمام,ملابس,حذاء رياضي,249,1,0,بطاقة,عائد,5
ORD-11626,2025-12-17,المدينة,ملابس,جاكيت,199,1,0.05,محفظة إلكترونية,جديد,5
ORD-11627,2025-12-17,الرياض,إلكترونيات,سماعة لاسلكية,149,3,0.05,الدفع عند الاستلام,جديد,3
ORD-11628,2025-12-17,جدة,المنزل,طقم أواني,299,1,0,بطاقة,عائد,5
ORD-11629,2025-12-17,الرياض,أغذية,قهوة مختصة,65,2,0.2,محفظة إلكترونية,عائد,4
ORD-11630,2025-12-18,الرياض,أغذية,تمر فاخر,95,1,0,بطاقة,عائد,4
ORD-11631,2025-12-18,الرياض,كتب,رواية,45,1,0,الدفع عند الاستلام,جديد,5
ORD-11632,2025-12-18,المدينة,المنزل,طقم أواني,299,1,0.1,بطاقة,جديد,1
ORD-11633,2025-12-18,الرياض,المنزل,طقم أواني,299,1,0.2,الدفع عند الاستلام,جديد,
ORD-11634,2025-12-18,جدة,إلكترونيات,سماعة لاسلكية,149,1,0,محفظة إلكترونية,عائد,
ORD-11635,2025-12-18,الرياض,إلكترونيات,شاحن سريع,59,1,0,بطاقة,عائد,4
ORD-11636,2025-12-19,المدينة,أغذية,تمر فاخر,95,3,0,محفظة إلكترونية,عائد,5
ORD-11637,2025-12-19,مكة,أغذية,قهوة مختصة,65,2,0,محفظة إلكترونية,جديد,5
ORD-11638,2025-12-19,المدينة,ملابس,حذاء رياضي,249,2,0,محفظة إلكترونية,عائد,3
ORD-11639,2025-12-19,الرياض,إلكترونيات,شاحن سريع,59,3,0,بطاقة,عائد,5
ORD-11640,2025-12-19,جدة,إلكترونيات,سماعة لاسلكية,149,4,0,الدفع عند الاستلام,جديد,2
ORD-11641,2025-12-19,الدمام,ملابس,جاكيت,199,2,0,بطاقة,عائد,4
ORD-11642,2025-12-20,جدة,إلكترونيات,شاحن سريع,59,1,0,بطاقة,جديد,3
ORD-11643,2025-12-20,الدمام,المنزل,وسادة طبية,119,2,0,محفظة إلكترونية,عائد,5
ORD-11644,2025-12-20,أبها,المنزل,وسادة طبية,119,2,0,محفظة إلكترونية,عائد,1
ORD-11645,2025-12-20,الدمام,كتب,كتاب برمجة,120,1,0,الدفع عند الاستلام,عائد,3
ORD-11646,2025-12-20,المدينة,أغذية,قهوة مختصة,65,3,0.05,الدفع عند الاستلام,جديد,3
ORD-11647,2025-12-21,الدمام,أغذية,تمر فاخر,95,1,0,بطاقة,عائد,5
ORD-11648,2025-12-21,جدة,ملابس,حذاء رياضي,249,1,0,محفظة إلكترونية,عائد,2
ORD-11649,2025-12-21,جدة,المنزل,مصباح مكتب,89,1,0.2,محفظة إلكترونية,عائد,
ORD-11650,2025-12-21,مكة,إلكترونيات,لوحة مفاتيح,129,1,0,الدفع عند الاستلام,عائد,4
ORD-11651,2025-12-21,الرياض,ملابس,جاكيت,199,1,0,تحويل بنكي,جديد,4
ORD-11652,2025-12-22,الرياض,ملابس,جاكيت,199,2,0,محفظة إلكترونية,عائد,5
ORD-11653,2025-12-22,الدمام,أغذية,تمر فاخر,95,2,0,بطاقة,عائد,
ORD-11654,2025-12-22,جدة,أغذية,قهوة مختصة,65,1,0,الدفع عند الاستلام,جديد,5
ORD-11655,2025-12-22,جدة,ملابس,حذاء رياضي,249,2,0.2,بطاقة,جديد,5
ORD-11656,2025-12-22,الرياض,إلكترونيات,شاحن سريع,59,1,0,تحويل بنكي,جديد,3
ORD-11657,2025-12-22,جدة,المنزل,مصباح مكتب,89,1,0,بطاقة,عائد,4
ORD-11658,2025-12-23,الرياض,ملابس,حذاء رياضي,249,3,0.1,بطاقة,جديد,4
ORD-11659,2025-12-23,المدينة,المنزل,وسادة طبية,119,2,0,بطاقة,جديد,2
ORD-11660,2025-12-23,الرياض,إلكترونيات,شاحن سريع,59,1,0,بطاقة,عائد,4
ORD-11661,2025-12-23,الرياض,إلكترونيات,ساعة ذكية,399,1,0.1,بطاقة,عائد,4
ORD-11662,2025-12-23,الدمام,ملابس,قميص قطني,79,1,0,بطاقة,جديد,4
ORD-11663,2025-12-23,الرياض,أغذية,عسل سدر,180,1,0.1,بطاقة,عائد,5
ORD-11664,2025-12-24,الدمام,كتب,كتاب برمجة,120,1,0,بطاقة,عائد,3
ORD-11665,2025-12-24,الدمام,أغذية,تمر فاخر,95,2,0.1,بطاقة,جديد,5
ORD-11666,2025-12-24,أبها,المنزل,طقم أواني,299,2,0,محفظة إلكترونية,عائد,3
ORD-11667,2025-12-24,الرياض,المنزل,مصباح مكتب,89,2,0,بطاقة,جديد,2
ORD-11668,2025-12-25,جدة,ملابس,قميص قطني,79,1,0.1,الدفع عند الاستلام,عائد,3
ORD-11669,2025-12-25,المدينة,كتب,كتاب برمجة,120,4,0,بطاقة,جديد,2
ORD-11670,2025-12-25,أبها,إلكترونيات,سماعة لاسلكية,149,4,0.05,محفظة إلكترونية,جديد,3
ORD-11671,2025-12-25,جدة,ملابس,حذاء رياضي,249,3,0,بطاقة,جديد,5
ORD-11672,2025-12-25,الدمام,إلكترونيات,لوحة مفاتيح,129,1,0,بطاقة,عائد,
ORD-11673,2025-12-26,المدينة,المنزل,مصباح مكتب,89,1,0,تحويل بنكي,جديد,4
ORD-11674,2025-12-26,مكة,إلكترونيات,سماعة لاسلكية,149,1,0.2,بطاقة,جديد,5
ORD-11675,2025-12-26,الدمام,المنزل,طقم أواني,299,2,0,الدفع عند الاستلام,جديد,4
ORD-11676,2025-12-26,مكة,أغذية,قهوة مختصة,65,2,0,محفظة إلكترونية,عائد,3
ORD-11677,2025-12-27,أبها,أغذية,تمر فاخر,95,1,0,الدفع عند الاستلام,جديد,
ORD-11678,2025-12-27,المدينة,المنزل,مصباح مكتب,89,2,0,محفظة إلكترونية,جديد,3
ORD-11679,2025-12-27,الرياض,أغذية,تمر فاخر,95,1,0.1,الدفع عند الاستلام,عائد,5
ORD-11680,2025-12-27,مكة,ملابس,جاكيت,199,1,0,محفظة إلكترونية,جديد,4
ORD-11681,2025-12-28,الرياض,المنزل,طقم أواني,299,1,0,بطاقة,جديد,1
ORD-11682,2025-12-28,المدينة,المنزل,وسادة طبية,119,1,0,الدفع عند الاستلام,جديد,2
ORD-11683,2025-12-28,الرياض,ملابس,قميص قطني,79,1,0,الدفع عند الاستلام,جديد,4
ORD-11684,2025-12-28,الرياض,أغذية,تمر فاخر,95,4,0,بطاقة,عائد,4
ORD-11685,2025-12-28,الدمام,إلكترونيات,ساعة ذكية,399,3,0,تحويل بنكي,عائد,4
ORD-11686,2025-12-28,الرياض,كتب,رواية,45,3,0,محفظة إلكترونية,جديد,2
ORD-11687,2025-12-29,الدمام,أغذية,قهوة مختصة,65,2,0,تحويل بنكي,عائد,
ORD-11688,2025-12-29,الدمام,أغذية,قهوة مختصة,65,1,0.05,بطاقة,عائد,3
ORD-11689,2025-12-29,الرياض,إلكترونيات,سماعة لاسلكية,149,1,0.1,بطاقة,جديد,4
ORD-11690,2025-12-29,المدينة,ملابس,قميص قطني,79,1,0,محفظة إلكترونية,عائد,4
ORD-11691,2025-12-29,جدة,المنزل,مصباح مكتب,89,2,0.2,بطاقة,جديد,4
ORD-11692,2025-12-30,مكة,إلكترونيات,ساعة ذكية,399,1,0.1,تحويل بنكي,عائد,4
ORD-11693,2025-12-30,الرياض,أغذية,عسل سدر,180,1,0.05,بطاقة,جديد,5
ORD-11694,2025-12-30,جدة,كتب,كتاب برمجة,120,1,0.05,بطاقة,عائد,5
ORD-11695,2025-12-30,الرياض,كتب,كتاب برمجة,120,1,0,بطاقة,عائد,5
ORD-11696,2025-12-31,الدمام,إلكترونيات,سماعة لاسلكية,149,1,0,بطاقة,جديد,2
ORD-11697,2025-12-31,المدينة,ملابس,قميص قطني,79,1,0,بطاقة,عائد,4
ORD-11698,2025-12-31,الرياض,أغذية,عسل سدر,180,3,0,بطاقة,جديد,5
ORD-11699,2025-12-31,الرياض,ملابس,حذاء رياضي,249,2,0.1,بطاقة,عائد,
ORD-11700,2025-12-31,الدمام,أغذية,قهوة مختصة,65,3,0,تحويل بنكي,عائد,4
